date,BSE_SMALLCAP,CRISIL_GILT,CRISIL_LIQUID,NIFTY100,NIFTY50,NIFTY500,NIFTY_MIDCAP150
2022-01-03,26554.6,1451.06,2281.51,17778.24,17492.79,14837.07,9721.79
2022-01-04,27079.92,1453.26,2281.61,17537.52,17689.64,14743.12,9954.23
2022-01-05,27313.35,1455.5,2282.31,17607.73,17835.05,14960.53,9859.05
2022-01-06,27377.05,1454.41,2282.91,17556.05,17878.51,14950.28,9787.54
2022-01-07,26316.86,1454.33,2284.78,17664.02,17759.15,15044.47,9803.31
2022-01-10,26476.06,1456.61,2284.84,17516.51,18124.84,14927.83,9844.45
2022-01-11,26462.96,1453.45,2285.86,17603.08,18256.96,14883.56,9791.21
2022-01-12,26090.99,1451.21,2285.47,17763.76,18162.54,14864.72,9876.14
2022-01-13,26085.36,1450.67,2285.36,17830.3,18179.05,14796.69,9873.26
2022-01-14,26081.45,1451.29,2285.63,17578.93,17971.75,14793.7,10002.73
2022-01-17,26102.25,1451.63,2285.61,17945.01,17998.26,14685.76,9933.58
2022-01-18,26391.97,1451.98,2286.51,18041.24,17938.46,14683.54,9843.49
2022-01-19,26333.58,1452.89,2287.08,18014.52,18301.33,14839.56,9827.96
2022-01-20,26262.97,1452.45,2288.27,18115.34,18424.66,14629.78,9817.39
2022-01-21,26153.44,1450.36,2288.12,18440.19,18055.59,14620.34,9724.35
2022-01-24,26260.93,1450.91,2288.84,18236.66,18338.54,14565.98,9742.25
2022-01-25,26477.73,1453.66,2288.89,18409.39,18408.04,14499.41,9676.3
2022-01-26,26974.24,1457.24,2290.4,18393.08,18650.54,14758.9,9893.28
2022-01-27,27192.24,1450.36,2290.25,18354.08,18701.92,14956.08,9892.88
2022-01-28,27620.86,1447.15,2289.57,18324.13,18734.13,14899.33,9940.6
2022-01-31,27966.74,1451.01,2289.74,18021.52,18615.38,14729.9,9807.35
2022-02-01,28046.09,1450.41,2289.52,18101.19,18724.17,14936.51,9874.99
2022-02-02,27785.09,1444.13,2290.22,17753.35,18900.9,14997.17,9791.4
2022-02-03,27961.09,1448.99,2291.23,17685.95,18640.35,14852.83,9899.67
2022-02-04,28591.9,1453.09,2292.34,17621.67,18524.44,14741.64,9734.45
2022-02-07,29046.44,1449.18,2291.39,17574.94,18347.28,14762.94,9737.12
2022-02-08,29586.64,1445.31,2292.51,17275.41,18626.31,15000.94,9858.09
2022-02-09,28860.83,1456.63,2293.26,17410.12,18807.0,14960.09,9884.01
2022-02-10,28105.41,1453.68,2294.36,17157.83,18760.65,15027.84,9874.6
2022-02-11,27937.21,1458.56,2295.59,17036.29,18935.65,14957.42,10031.8
2022-02-14,28141.65,1464.67,2295.73,16968.48,18733.59,15027.81,9945.15
2022-02-15,28015.93,1459.74,2295.67,16932.91,18789.33,14820.97,9820.24
2022-02-16,27958.44,1456.81,2296.5,16993.92,18942.63,14912.37,9710.87
2022-02-17,27410.49,1461.01,2297.79,17004.75,18867.92,14951.88,9606.86
2022-02-18,27200.23,1456.42,2297.48,17284.03,18875.61,14851.13,9658.37
2022-02-21,26886.5,1452.91,2298.12,17341.61,18962.56,14426.04,9631.55
2022-02-22,26588.16,1452.61,2298.33,17389.05,19151.71,14641.86,9745.75
2022-02-23,26337.19,1452.57,2298.55,17315.49,18922.93,14426.37,9803.0
2022-02-24,25958.59,1456.98,2298.86,17366.81,18905.49,14595.33,9849.92
2022-02-25,25128.56,1459.47,2299.93,17305.72,18772.62,14496.81,9664.02
2022-02-28,25643.29,1460.64,2300.94,17246.14,18865.93,14553.1,9733.14
2022-03-01,25620.14,1460.52,2300.89,17708.25,18827.48,14639.75,9878.28
2022-03-02,25395.42,1457.07,2300.49,17941.93,18962.53,14862.71,9896.16
2022-03-03,25363.09,1461.96,2301.86,17823.22,18764.05,14728.91,9794.5
2022-03-04,25498.62,1462.89,2303.04,17926.74,18700.26,14731.39,9629.72
2022-03-07,25556.97,1465.73,2304.53,17975.01,19018.69,14614.22,9745.27
2022-03-08,25316.04,1466.97,2305.52,17886.24,18996.04,14487.72,9762.76
2022-03-09,25685.3,1467.8,2307.08,18202.81,19174.22,14507.13,9619.52
2022-03-10,25492.73,1468.61,2306.0,18181.6,19018.0,14622.56,9667.41
2022-03-11,25428.82,1469.04,2306.51,18397.76,18796.74,14954.42,9671.17
2022-03-14,26062.13,1468.94,2306.6,18307.51,19023.35,14933.13,9853.29
2022-03-15,26836.05,1467.14,2308.64,18481.95,19158.43,14931.6,9769.94
2022-03-16,27285.8,1469.53,2308.36,18694.14,19102.14,14938.63,9817.55
2022-03-17,27053.4,1474.12,2307.98,18555.09,19368.71,14967.91,9956.83
2022-03-18,26913.66,1475.43,2308.12,18514.06,19279.61,15008.92,10015.42
2022-03-21,26643.56,1481.84,2308.33,18509.77,19153.99,14864.44,10003.95
2022-03-22,26574.97,1480.54,2308.65,18768.1,19165.54,14515.22,9972.09
2022-03-23,26791.53,1489.0,2309.91,19017.38,19132.24,14488.18,9943.17
2022-03-24,26121.24,1491.09,2311.58,18964.88,18960.4,14748.49,9892.43
2022-03-25,25767.85,1481.13,2312.88,18914.38,18951.21,14765.56,9820.37
2022-03-28,25825.38,1488.71,2315.29,18961.42,18999.44,14755.9,9954.12
2022-03-29,25809.4,1485.57,2316.82,18727.88,19138.12,14760.65,10079.59
2022-03-30,25667.9,1486.78,2316.96,18933.02,19568.64,14677.52,10169.59
2022-03-31,25193.81,1489.12,2317.47,18808.63,19775.28,14672.22,10201.64
2022-04-01,25004.44,1489.8,2318.65,18832.6,19613.8,14685.66,10229.89
2022-04-04,24854.87,1489.81,2318.4,19059.05,20065.6,14698.42,10056.36
2022-04-05,24418.09,1487.83,2318.77,19137.78,20083.52,14720.48,10142.53
2022-04-06,24154.27,1486.33,2319.84,19084.64,20147.77,14741.43,10150.44
2022-04-07,24106.48,1491.21,2321.84,18934.49,20045.55,14740.96,10019.96
2022-04-08,24282.19,1487.82,2322.46,18934.99,20053.65,14897.02,10146.23
2022-04-11,24609.58,1488.45,2323.2,18899.18,20059.1,15155.8,10134.08
2022-04-12,24272.32,1491.54,2324.18,19319.0,20180.83,14939.38,10227.08
2022-04-13,24172.09,1488.01,2323.51,19201.15,20341.13,14873.99,10284.67
2022-04-14,24107.08,1490.18,2323.85,19126.79,20287.69,14593.31,10186.01
2022-04-15,24058.23,1494.55,2323.82,18979.48,20496.5,14665.12,10279.11
2022-04-18,23986.53,1496.31,2324.99,18948.25,20414.87,14834.94,10208.04
2022-04-19,23617.29,1500.99,2325.27,19038.49,20612.2,14857.19,10023.58
2022-04-20,23790.24,1501.26,2326.76,18900.52,20511.28,14880.87,10114.81
2022-04-21,23703.83,1498.49,2327.68,18964.24,20331.45,14813.05,10144.26
2022-04-22,23731.62,1498.34,2328.16,18785.85,20291.62,14845.28,10163.64
2022-04-25,23774.75,1493.62,2328.35,18938.86,20260.33,14843.13,10257.69
2022-04-26,23592.64,1503.02,2328.43,18877.06,20107.17,14993.45,10131.6
2022-04-27,23860.99,1503.42,2330.21,18835.56,20054.36,15273.51,10029.2
2022-04-28,23729.12,1496.73,2329.32,19062.91,19975.05,15492.74,9909.79
2022-04-29,23801.61,1494.7,2329.86,19003.96,19985.01,15813.62,9863.14
2022-05-02,23850.04,1494.38,2330.52,19074.95,20084.37,15913.28,9906.82
2022-05-03,23952.33,1489.99,2329.47,19194.71,20080.44,15968.93,10144.9
2022-05-04,24329.36,1485.58,2331.03,19409.57,19936.88,15974.96,10123.45
2022-05-05,24104.56,1484.72,2331.78,19471.08,19887.01,16035.72,10148.68
2022-05-06,24118.22,1487.17,2332.92,19429.86,20058.65,16091.93,9992.14
2022-05-09,24121.48,1491.16,2334.07,19356.19,19959.55,16289.39,9936.43
2022-05-10,24041.14,1495.78,2335.34,19415.4,19812.47,16272.32,9713.54
2022-05-11,24221.69,1493.99,2336.54,19304.29,19573.89,16131.16,9974.15
2022-05-12,23850.92,1484.38,2337.74,19399.12,19473.78,16135.18,9768.68
2022-05-13,24334.85,1491.47,2338.63,19440.34,19615.18,16012.6,9717.68
2022-05-16,24844.8,1491.08,2339.96,19264.63,19507.43,15990.6,9708.02
2022-05-17,24645.61,1489.87,2342.58,19080.87,19510.92,15757.37,9910.95
2022-05-18,24629.7,1494.95,2342.55,19102.89,19442.05,15770.54,9942.45
2022-05-19,24042.64,1494.21,2343.53,19067.09,19363.97,15656.39,9791.56
2022-05-20,23842.76,1496.48,2344.76,19204.03,19582.7,15767.79,9764.3
2022-05-23,24636.16,1497.84,2344.23,19069.38,19568.13,15723.39,9777.26
2022-05-24,24859.72,1493.6,2346.23,19193.13,19377.34,15467.99,9712.12
2022-05-25,25114.46,1489.94,2347.32,19322.17,19145.6,15420.59,9636.84
2022-05-26,24960.57,1489.54,2348.15,19145.13,18989.49,15417.19,9554.26
2022-05-27,24943.08,1489.9,2348.49,19119.34,18816.95,15470.45,9475.47
2022-05-30,24940.21,1487.99,2349.72,19343.66,18959.16,15551.09,9381.9
2022-05-31,24478.05,1486.05,2349.5,19416.48,18935.9,15448.9,9292.94
2022-06-01,24535.83,1486.21,2351.39,19410.05,18955.11,15353.4,9262.6
2022-06-02,24810.04,1484.0,2352.77,19556.26,18925.23,15357.4,9345.89
2022-06-03,25442.88,1487.77,2353.29,19487.0,18902.99,15406.57,9216.09
2022-06-06,25545.76,1489.32,2354.96,19444.01,19058.44,15478.93,9135.72
2022-06-07,25516.3,1487.77,2354.28,19480.14,19226.83,15617.4,9145.49
2022-06-08,25487.6,1490.4,2354.14,19717.53,19519.86,15396.18,9203.88
2022-06-09,25636.4,1495.84,2354.79,19578.72,19389.21,15536.5,9363.82
2022-06-10,25929.65,1496.93,2355.48,19663.7,19336.46,15657.16,9443.04
2022-06-13,26334.67,1491.92,2356.42,19608.79,19376.58,15783.13,9463.63
2022-06-14,25589.12,1498.27,2357.19,19818.79,19637.19,15760.34,9464.46
2022-06-15,25988.2,1505.01,2358.73,19952.95,19535.11,15803.94,9455.05
2022-06-16,25577.7,1510.15,2358.25,19949.96,19696.35,15880.96,9334.81
2022-06-17,25249.59,1512.99,2357.44,20057.29,19607.58,15863.33,9380.43
2022-06-20,25194.17,1515.36,2357.02,19972.35,19773.96,16005.25,9337.91
2022-06-21,25387.94,1516.33,2356.67,19878.43,19798.47,15847.51,9357.74
2022-06-22,24947.61,1517.14,2357.31,20303.14,19639.48,15956.65,9262.84
2022-06-23,24760.5,1513.13,2357.82,20250.89,19629.85,16034.68,9256.79
2022-06-24,24876.75,1509.22,2358.68,20290.1,19738.19,16259.39,9163.59
2022-06-27,25061.61,1506.31,2359.57,20234.6,19287.24,16548.29,9222.81
2022-06-28,25239.52,1499.13,2360.39,20032.29,19440.76,16528.86,9199.52
2022-06-29,25589.17,1494.85,2359.88,19875.01,19217.98,16763.24,9221.5
2022-06-30,26016.57,1495.26,2360.34,19939.67,19192.78,16816.83,9179.32
2022-07-01,26073.95,1487.29,2360.59,19719.91,19184.78,16874.78,9254.75
2022-07-04,26067.77,1484.15,2362.13,19614.71,18769.89,16942.46,9295.78
2022-07-05,25801.08,1483.71,2363.02,19729.15,18684.56,16752.29,9211.53
2022-07-06,25613.36,1481.27,2365.04,19775.18,18757.53,16929.59,9119.79
2022-07-07,25152.21,1480.44,2364.93,19717.89,19054.96,16732.28,9213.66
2022-07-08,25659.38,1481.93,2365.34,19655.8,19192.88,16815.54,8980.6
2022-07-11,25653.42,1485.95,2366.66,19500.02,19344.92,16456.51,9125.44
2022-07-12,25937.88,1483.61,2366.92,19868.74,19015.04,16433.52,9053.99
2022-07-13,26937.51,1482.9,2367.84,19718.85,18977.21,16440.49,9124.04
2022-07-14,27801.44,1475.08,2368.02,19892.19,19271.29,16541.97,9166.32
2022-07-15,28252.12,1477.71,2369.53,19544.68,19438.74,16763.63,9132.0
2022-07-18,28125.03,1474.92,2369.11,19694.66,19366.57,16761.12,9166.8
2022-07-19,28459.31,1476.62,2371.18,19862.37,19393.94,16586.45,9176.51
2022-07-20,28477.62,1475.87,2372.39,19720.69,19559.49,16529.57,9259.94
2022-07-21,28129.1,1484.62,2373.4,19630.58,19722.34,16572.6,9182.66
2022-07-22,27795.62,1491.91,2374.34,19812.46,19711.32,16603.78,9255.87
2022-07-25,28145.88,1494.7,2374.45,19637.43,19681.21,16359.5,9058.19
2022-07-26,28454.87,1496.73,2375.62,19717.19,19761.96,16294.14,9121.97
2022-07-27,28960.9,1498.12,2375.88,19617.51,19929.86,16226.06,9125.24
2022-07-28,28887.07,1496.81,2374.94,19772.14,19875.39,16204.74,9177.54
2022-07-29,28731.38,1494.33,2375.65,20085.58,19585.87,16299.17,9243.75
2022-08-01,28321.15,1491.22,2375.74,19930.27,19582.35,16194.52,9400.94
2022-08-02,27697.83,1489.27,2376.49,20036.16,19390.08,16356.03,9417.04
2022-08-03,27393.99,1491.27,2377.12,20206.94,19708.9,16471.43,9327.66
2022-08-04,27166.93,1490.8,2376.7,19889.07,19564.96,16178.71,9524.35
2022-08-05,26761.23,1483.56,2378.54,20062.89,19555.4,16127.51,9566.41
2022-08-08,26590.6,1493.61,2378.68,20130.13,19451.25,16166.03,9663.72
2022-08-09,27318.08,1493.42,2380.12,20245.74,19378.13,16391.31,9624.67
2022-08-10,27078.11,1501.96,2380.23,19954.81,19520.25,16227.32,9584.78
2022-08-11,26411.91,1500.87,2380.88,20086.31,19698.67,15990.67,9603.1
2022-08-12,26486.52,1500.36,2381.73,20065.79,19814.19,16030.48,9667.97
2022-08-15,26741.83,1504.3,2380.85,19888.96,19981.4,15896.93,9704.15
2022-08-16,26434.33,1503.6,2381.02,20013.04,19904.95,15894.87,9601.26
2022-08-17,26732.53,1505.55,2381.86,20156.02,19736.49,15801.12,9774.39
2022-08-18,27429.18,1504.74,2382.54,20152.94,19625.12,15938.19,9649.15
2022-08-19,27360.27,1503.35,2383.21,20222.54,19703.9,16051.23,9691.39
2022-08-22,27663.3,1509.62,2384.53,20205.4,19910.72,15973.85,9700.27
2022-08-23,28039.98,1505.46,2384.56,19988.63,19719.82,16196.48,9988.6
2022-08-24,28220.21,1503.96,2385.25,19974.53,19671.88,16213.93,9945.85
2022-08-25,28598.18,1511.33,2384.86,20181.37,19637.3,16269.66,9814.76
2022-08-26,28830.53,1510.5,2385.12,20392.73,19522.67,16183.26,9893.68
2022-08-29,28474.91,1505.35,2386.68,20264.99,19627.67,16086.73,9843.74
2022-08-30,27624.41,1508.11,2387.32,20314.45,19798.26,16314.13,9969.54
2022-08-31,27715.82,1508.41,2387.6,20336.89,20209.61,16339.25,10075.44
2022-09-01,27646.84,1510.55,2387.62,20429.1,20548.9,16380.47,10162.9
2022-09-02,27049.82,1511.23,2387.22,20447.55,20692.13,16315.16,10080.16
2022-09-05,26988.5,1507.46,2388.56,20578.64,20624.2,16362.9,10185.96
2022-09-06,26957.43,1508.8,2390.79,20518.78,20753.83,16373.92,10462.37
2022-09-07,27088.73,1514.05,2391.1,20714.88,20433.94,16379.76,10424.04
2022-09-08,27530.17,1512.57,2390.36,20634.8,20554.69,16628.53,10407.45
2022-09-09,27243.29,1509.63,2392.14,20677.2,20626.15,16656.74,10397.42
2022-09-12,26493.84,1509.4,2392.09,20800.12,20648.98,16499.78,10368.33
2022-09-13,26365.48,1509.04,2393.0,20847.1,20527.01,16580.99,10391.07
2022-09-14,26683.67,1508.25,2394.02,20460.79,20670.74,16535.78,10400.07
2022-09-15,27202.57,1513.38,2395.49,20520.74,20513.65,16397.03,10399.81
2022-09-16,26995.6,1514.74,2395.93,20646.74,20701.55,16302.38,10302.19
2022-09-19,27234.79,1521.52,2396.9,20707.04,20813.58,16468.3,10448.81
2022-09-20,26841.93,1522.82,2397.28,20877.22,20896.86,16328.12,10499.98
2022-09-21,26863.67,1524.64,2396.39,21088.58,20739.02,16196.29,10622.83
2022-09-22,25841.96,1533.48,2396.7,20978.92,20638.36,16213.63,10701.85
2022-09-23,25743.31,1535.24,2397.6,20696.37,20398.27,16175.11,10390.8
2022-09-26,25876.15,1534.69,2397.46,20503.81,20548.89,16044.12,10504.55
2022-09-27,25730.42,1531.49,2398.15,20525.56,20564.79,16183.15,10608.35
2022-09-28,25252.67,1528.64,2398.97,20638.67,20484.23,16131.32,10644.04
2022-09-29,25297.88,1527.47,2400.61,20627.39,20471.11,15956.36,10916.17
2022-09-30,25960.24,1526.94,2400.53,20404.81,20657.7,16006.7,11053.32
2022-10-03,25681.36,1519.46,2401.33,20464.22,20475.58,16130.41,11187.51
2022-10-04,25446.41,1519.83,2401.12,20475.87,20411.92,16205.81,10980.96
2022-10-05,25380.02,1509.85,2400.09,20512.63,20159.15,16308.57,11156.66
2022-10-06,25990.58,1515.15,2400.35,20828.8,19995.72,16409.58,11249.84
2022-10-07,25533.02,1508.39,2400.56,20978.85,19964.19,16379.36,11087.15
2022-10-10,25280.35,1509.52,2401.43,20965.83,20151.84,16320.89,11134.51
2022-10-11,25536.38,1510.51,2402.93,20749.25,20267.68,16232.88,10930.32
2022-10-12,25120.8,1516.06,2403.63,20989.02,20442.32,16240.27,11022.46
2022-10-13,24841.79,1517.01,2403.76,20697.42,20563.45,16015.92,11052.19
2022-10-14,25478.64,1517.07,2403.76,20659.58,20412.01,15861.79,10984.46
2022-10-17,26121.27,1518.71,2405.26,20467.28,20707.13,16057.01,11079.72
2022-10-18,26354.64,1517.12,2406.4,20408.72,20843.26,16192.86,10991.99
2022-10-19,26493.76,1515.6,2406.36,20403.29,21162.28,16223.38,11013.96
2022-10-20,26297.74,1516.85,2405.94,20194.29,21464.58,16451.92,11160.19
2022-10-21,26318.14,1516.16,2405.89,19802.72,21458.74,16516.01,11124.26
2022-10-24,26059.94,1519.05,2407.26,19656.01,21383.16,16528.55,11012.02
2022-10-25,26632.96,1516.11,2407.17,19448.56,21005.4,16340.77,11156.21
2022-10-26,26706.23,1520.19,2408.14,19305.94,21044.03,16309.24,11177.36
2022-10-27,26667.86,1522.42,2410.04,19270.45,21047.28,16459.19,11442.01
2022-10-28,26707.0,1522.96,2410.06,19521.37,20947.39,16549.27,11516.82
2022-10-31,26491.69,1517.49,2410.39,19435.11,20871.91,16846.12,11624.26
2022-11-01,26700.01,1521.13,2410.99,19360.14,20970.82,16858.39,11679.69
2022-11-02,26637.64,1529.11,2410.4,19352.78,20659.57,16490.64,11761.12
2022-11-03,27752.52,1527.76,2410.48,19467.23,20887.35,16555.25,11850.16
2022-11-04,27604.73,1531.51,2411.24,19566.26,21047.55,16209.9,11949.23
2022-11-07,27946.12,1531.5,2411.12,19270.38,20996.17,16149.92,11806.28
2022-11-08,28690.65,1527.71,2413.36,19115.3,20993.09,16286.04,11699.3
2022-11-09,27622.31,1525.2,2413.61,19298.68,21057.78,16538.23,11794.88
2022-11-10,27477.8,1525.22,2414.1,19225.62,21208.88,16396.46,11814.8
2022-11-11,28086.31,1527.4,2414.29,19387.08,21574.46,16462.71,11720.43
2022-11-14,27244.48,1522.23,2414.72,19510.58,21491.94,16701.69,11767.97
2022-11-15,27719.02,1519.96,2414.8,19164.58,21743.69,16724.5,11992.88
2022-11-16,27865.23,1520.52,2413.84,18915.37,21714.61,16642.49,12026.56
2022-11-17,28487.28,1516.13,2414.19,18872.81,21654.27,16924.52,12091.91
2022-11-18,28389.71,1518.06,2416.19,18943.83,21618.86,17082.03,12162.05
2022-11-21,28514.47,1525.11,2418.05,18911.39,21821.82,17100.9,12085.84
2022-11-22,28075.96,1525.15,2417.87,18890.22,21730.17,16880.59,12086.57
2022-11-23,28007.33,1528.42,2417.28,18904.59,21759.53,16836.31,11811.16
2022-11-24,27727.05,1523.95,2416.34,18897.98,21678.62,16736.88,11692.8
2022-11-25,27522.75,1521.96,2416.22,18901.92,21612.98,16493.73,11689.79
2022-11-28,27599.18,1526.22,2416.42,18547.32,21863.78,16699.79,11540.22
2022-11-29,27320.7,1521.42,2417.35,18508.87,21872.29,16793.07,11544.89
2022-11-30,26507.41,1519.13,2417.66,18469.12,21763.67,16696.88,11513.49
2022-12-01,26616.42,1523.95,2418.95,18317.08,21696.78,16619.52,11695.01
2022-12-02,26715.71,1522.04,2420.03,18211.2,21756.82,16561.02,11974.0
2022-12-05,27011.5,1514.82,2420.92,17972.63,21757.88,16424.31,11974.01
2022-12-06,27028.43,1513.11,2421.45,18038.11,21768.68,16850.65,12032.93
2022-12-07,26644.82,1520.2,2422.83,17877.15,21725.81,16753.23,12206.9
2022-12-08,27233.46,1526.16,2423.94,17867.98,21922.79,16714.32,12213.89
2022-12-09,27125.2,1526.3,2423.45,17804.79,22037.03,16621.81,12280.09
2022-12-12,26782.2,1525.84,2424.48,17786.27,22007.01,16369.57,12095.25
2022-12-13,27347.04,1535.37,2424.66,17927.89,22040.93,16200.95,12174.02
2022-12-14,28019.79,1532.19,2425.99,17829.02,21904.8,16361.52,12359.38
2022-12-15,26985.68,1530.15,2427.12,17822.91,21902.0,16322.97,12211.47
2022-12-16,26660.06,1534.68,2429.06,17924.82,21788.91,16391.22,11991.47
2022-12-19,26611.41,1531.77,2428.16,17955.99,21834.23,16465.89,12176.42
2022-12-20,26733.39,1533.63,2429.02,17848.08,21826.13,16541.27,12140.49
2022-12-21,26996.14,1529.29,2429.15,17631.29,21793.49,16448.86,12041.15
2022-12-22,27974.84,1535.49,2431.41,17519.19,21829.4,16704.39,12062.03
2022-12-23,27572.94,1534.25,2429.71,17553.59,21893.27,16849.34,11995.13
2022-12-26,27652.79,1532.18,2430.67,17555.35,22100.16,16928.98,11862.7
2022-12-27,27112.64,1529.37,2431.73,17655.66,22252.11,16975.26,11666.78
2022-12-28,27217.46,1525.38,2430.72,17616.17,22436.78,16778.95,11915.48
2022-12-29,27869.89,1524.47,2431.74,17513.12,22382.85,16910.86,12150.5
2022-12-30,26829.94,1515.87,2430.82,17309.66,22446.34,16899.9,12123.91
2023-01-02,26319.71,1512.14,2430.9,17146.9,22778.36,16788.23,12497.13
2023-01-03,26625.99,1512.64,2431.84,17008.52,22771.14,16646.31,12694.86
2023-01-04,26945.39,1513.41,2431.71,17200.21,22806.13,16799.84,12695.85
2023-01-05,26656.53,1513.57,2432.4,17042.63,22843.67,16602.76,13035.18
2023-01-06,26979.32,1511.11,2433.02,16888.11,22835.1,16552.93,12744.58
2023-01-09,27491.18,1517.32,2434.06,16797.95,23088.26,16584.85,12722.57
2023-01-10,27721.88,1521.08,2433.87,16948.6,23015.77,16571.78,12987.26
2023-01-11,28308.89,1521.12,2435.21,17022.31,23231.29,16641.34,12945.39
2023-01-12,28456.61,1521.11,2433.62,16994.79,23389.28,16823.31,13127.16
2023-01-13,28373.67,1519.73,2435.41,16784.06,23388.78,16924.08,12990.23
2023-01-16,28506.27,1517.7,2435.84,16773.95,23321.28,16942.47,12901.38
2023-01-17,28862.01,1517.53,2436.35,16878.51,23326.14,16884.62,12966.54
2023-01-18,28244.49,1521.59,2437.22,17057.81,23559.85,16681.11,13072.53
2023-01-19,28370.68,1520.31,2437.99,16741.43,23779.86,16680.27,13111.81
2023-01-20,28340.36,1525.66,2438.62,16620.92,23947.55,16633.82,13058.78
2023-01-23,28152.72,1523.59,2440.21,16619.0,23942.01,16720.1,12930.11
2023-01-24,27733.13,1529.77,2439.66,16774.51,23961.96,16708.67,13289.73
2023-01-25,27038.85,1529.06,2439.56,16579.25,24096.65,16871.27,13351.11
2023-01-26,26865.0,1532.12,2440.52,16415.2,24061.41,16814.56,13528.16
2023-01-27,26663.21,1541.37,2440.87,16336.99,24238.56,16740.43,13689.31
2023-01-30,27032.92,1551.24,2442.49,16134.8,24280.25,16811.65,13624.79
2023-01-31,27479.07,1546.44,2444.84,15861.67,24494.37,16836.28,13641.22
2023-02-01,27175.46,1550.92,2445.48,16123.73,24223.82,16901.49,13531.39
2023-02-02,26871.75,1547.67,2444.78,16074.67,24115.15,16890.57,13658.74
2023-02-03,26682.32,1549.58,2444.74,15973.29,24060.94,16903.17,13643.18
2023-02-06,27118.76,1551.93,2443.8,15803.43,24153.86,16867.74,13906.26
2023-02-07,26886.79,1555.75,2444.9,15783.04,24091.1,16896.23,13663.65
2023-02-08,27648.21,1551.18,2444.8,15696.6,24536.77,17090.27,13750.68
2023-02-09,27716.21,1547.03,2445.31,15782.39,24304.68,17022.48,14162.58
2023-02-10,27906.7,1544.24,2445.72,15628.56,24520.15,16940.47,14054.53
2023-02-13,27745.16,1546.96,2447.22,15610.58,24780.22,16997.05,14089.33
2023-02-14,28395.1,1548.36,2447.9,15587.12,24893.39,16978.05,14042.6
2023-02-15,28587.01,1550.41,2448.32,15639.92,24840.97,17199.75,14195.39
2023-02-16,28417.7,1546.26,2448.24,15600.82,24848.9,17315.15,13885.8
2023-02-17,27923.07,1547.35,2449.34,15658.67,25027.64,17455.25,13706.59
2023-02-20,28210.37,1545.23,2449.12,15680.83,24713.9,17610.46,13562.22
2023-02-21,27981.12,1543.27,2448.78,15775.37,24597.57,17517.84,13707.26
2023-02-22,27932.27,1543.22,2448.96,15835.71,24501.18,17544.3,13688.13
2023-02-23,27591.83,1537.77,2451.2,15795.71,24622.43,17658.52,13598.59
2023-02-24,27260.96,1540.27,2451.75,15995.36,24854.82,17668.35,13670.62
2023-02-27,27050.6,1535.16,2452.35,15912.35,25273.35,17538.18,13714.25
2023-02-28,27045.63,1534.01,2453.23,16097.23,24902.29,17691.49,13692.83
2023-03-01,26623.1,1537.31,2454.04,16224.73,24705.34,17673.39,13624.58
2023-03-02,26549.03,1531.91,2454.5,16299.24,24647.95,17729.7,13494.2
2023-03-03,26304.3,1526.94,2454.39,16283.17,24772.26,17830.18,13723.27
2023-03-06,26278.84,1531.37,2454.68,16186.05,24939.69,18078.96,13966.91
2023-03-07,26633.83,1527.66,2455.16,16208.57,24711.86,18120.89,13769.57
2023-03-08,26730.38,1531.83,2454.69,16229.83,24799.95,17810.73,13717.73
2023-03-09,26524.9,1533.96,2455.16,16212.94,24297.03,17848.58,13797.18
2023-03-10,26526.22,1529.23,2455.94,16281.66,24366.79,17902.15,13665.87
2023-03-13,26765.75,1530.33,2456.16,16399.37,24373.18,17649.8,13790.31
2023-03-14,27046.37,1532.51,2457.76,16284.55,24364.9,17889.73,13833.31
2023-03-15,27143.73,1527.57,2458.6,16193.4,24298.41,17485.85,13973.58
2023-03-16,27848.3,1528.24,2458.65,16022.88,24292.13,17584.52,14354.96
2023-03-17,27529.04,1531.9,2458.96,16068.83,24367.8,17357.64,14094.87
2023-03-20,27750.68,1532.03,2460.55,16273.47,24713.22,17531.06,14340.02
2023-03-21,27744.49,1533.04,2460.7,16096.0,24466.13,17627.64,14264.24
2023-03-22,28159.19,1532.94,2460.72,15993.54,24423.14,17867.64,14387.77
2023-03-23,28183.23,1537.34,2460.7,15812.68,24543.24,17958.75,14488.98
2023-03-24,29029.68,1537.4,2461.39,15741.89,24542.81,18024.23,14732.68
2023-03-27,29086.31,1535.14,2462.19,15475.61,24579.47,17981.49,14760.04
2023-03-28,29404.31,1534.71,2463.36,15621.75,24473.33,17717.55,14640.29
2023-03-29,29343.92,1529.11,2463.43,15715.54,24651.04,18070.87,14697.94
2023-03-30,29504.71,1517.97,2465.24,15746.73,24227.91,18003.17,14999.15
2023-03-31,29276.56,1515.24,2466.27,15870.66,24043.2,18066.17,15076.41
2023-04-03,29472.3,1521.51,2466.59,15988.63,24442.96,17944.73,14996.61
2023-04-04,28701.76,1525.85,2467.87,15987.69,24209.74,17784.89,14987.98
2023-04-05,28508.84,1519.98,2469.98,15819.59,24048.92,17803.41,15048.48
2023-04-06,28257.51,1516.4,2471.0,15729.21,23905.67,17878.09,15086.34
2023-04-07,29033.77,1514.45,2473.01,15725.39,23811.3,18166.72,15100.72
2023-04-10,28763.73,1514.16,2472.86,15633.06,23818.88,18338.07,15288.02
2023-04-11,28591.86,1510.66,2471.99,15863.48,24041.73,18393.09,15661.74
2023-04-12,28311.79,1508.77,2473.05,15891.47,24147.4,18392.84,15850.3
2023-04-13,28493.92,1513.1,2474.57,15912.48,24112.24,18458.35,15981.76
2023-04-14,28383.3,1509.72,2474.17,16044.02,24471.76,18425.35,16189.47
2023-04-17,28224.95,1512.29,2475.78,16088.1,24399.9,18477.02,16328.14
2023-04-18,29094.78,1515.63,2476.08,16060.87,24423.04,18357.27,16374.7
2023-04-19,29177.41,1525.26,2477.19,16268.97,24458.55,18277.22,16287.04
2023-04-20,29473.93,1523.05,2478.04,16334.72,24640.52,18278.36,16199.82
2023-04-21,29661.79,1519.2,2479.04,16276.53,24420.96,18340.05,16217.05
2023-04-24,29339.61,1513.06,2480.12,16308.08,24228.6,18330.34,16290.46
2023-04-25,29126.16,1516.02,2480.7,16245.2,24428.0,18371.06,16521.95
2023-04-26,28697.68,1518.09,2481.0,16144.11,24799.47,18233.23,16521.88
2023-04-27,28233.41,1518.13,2481.91,16256.61,24737.41,18050.43,16476.46
2023-04-28,28267.09,1519.8,2482.33,16197.72,24494.8,18051.79,16547.44
2023-05-01,28326.79,1520.55,2482.43,16103.92,24268.79,17794.45,16648.14
2023-05-02,28296.73,1519.42,2483.32,16135.48,24487.26,17939.17,16558.97
2023-05-03,28464.9,1518.57,2483.49,16282.42,24162.88,17732.14,16444.41
2023-05-04,28419.55,1518.63,2483.98,16012.4,24187.03,17680.27,16584.96
2023-05-05,28932.47,1528.48,2484.21,15925.28,24163.65,17768.06,16581.98
2023-05-08,28753.15,1532.43,2486.07,15643.97,24041.81,17921.4,16825.55
2023-05-09,29167.28,1528.37,2486.79,15223.57,23884.78,18032.47,16899.12
2023-05-10,29495.28,1530.34,2486.19,15236.78,24032.77,18119.14,16905.96
2023-05-11,28486.5,1530.75,2487.81,15080.39,24197.78,18544.46,16701.72
2023-05-12,27916.81,1538.17,2487.03,15182.46,24441.85,18382.47,16723.65
2023-05-15,27276.83,1543.5,2489.35,15041.07,24550.67,18442.89,16558.53
2023-05-16,27410.84,1543.55,2490.02,15120.8,24563.89,18555.7,16339.42
2023-05-17,27020.31,1543.88,2490.18,15163.88,24608.47,18623.76,16641.91
2023-05-18,27433.6,1539.9,2490.53,15055.37,24820.77,18557.21,16570.47
2023-05-19,27040.02,1542.89,2489.93,15000.54,24487.77,18656.24,16759.27
2023-05-22,27125.66,1547.79,2490.49,15029.03,24588.67,18744.23,16570.19
2023-05-23,26766.34,1548.71,2490.78,15101.64,24484.16,18960.84,16457.12
2023-05-24,26998.58,1550.18,2491.37,15278.47,24571.39,19049.97,16328.21
2023-05-25,26898.61,1549.35,2492.72,15312.62,24376.5,18743.08,16475.63
2023-05-26,26749.94,1553.24,2493.6,15314.19,24558.48,18883.72,16579.37
2023-05-29,26515.15,1548.44,2493.34,15324.41,24688.69,18826.7,16352.23
2023-05-30,26129.72,1544.53,2493.2,15299.69,24558.17,18804.84,16111.41
2023-05-31,26279.51,1548.59,2494.05,15248.41,24476.07,18625.78,16219.35
2023-06-01,26051.42,1543.54,2495.07,15139.5,24375.89,18657.82,16481.87
2023-06-02,26949.53,1541.51,2495.66,15194.66,24398.93,18995.28,16739.23
2023-06-05,27569.9,1540.87,2496.74,15097.48,24819.7,19184.76,16612.56
2023-06-06,27487.27,1543.14,2497.5,15125.97,24464.63,18995.14,16551.2
2023-06-07,27350.33,1544.18,2498.28,15128.86,24541.65,18971.5,16660.56
2023-06-08,27296.16,1532.69,2499.58,15215.84,24640.11,19150.9,16784.15
2023-06-09,27889.4,1535.38,2501.74,15252.62,24544.89,19130.51,16842.56
2023-06-12,28734.98,1534.96,2502.62,15163.26,24222.32,18797.92,16783.89
2023-06-13,27982.17,1539.53,2505.7,15033.28,24194.0,18717.26,16885.31
2023-06-14,28525.82,1536.21,2506.46,15168.87,23965.37,18956.31,16927.5
2023-06-15,28432.07,1542.77,2507.21,15123.84,24086.29,19219.86,16976.93
2023-06-16,28129.75,1538.64,2509.4,15305.19,23826.58,19199.84,17160.64
2023-06-19,28589.56,1537.29,2509.92,14987.25,23828.16,19163.3,17389.48
2023-06-20,28642.34,1542.62,2509.13,15016.65,23689.49,18789.13,17469.49
2023-06-21,29211.43,1551.85,2508.91,15129.44,23918.57,18782.91,17539.37
2023-06-22,29620.48,1547.71,2510.28,15147.46,24239.58,18698.21,17519.45
2023-06-23,29778.37,1557.91,2511.31,15181.01,24179.92,18398.04,17556.8
2023-06-26,30477.38,1549.04,2511.22,15259.57,23984.1,18253.41,17719.87
2023-06-27,30434.97,1552.44,2510.32,15370.58,24326.44,18052.96,17830.77
2023-06-28,29997.23,1559.79,2510.67,15454.09,24310.87,18071.51,17732.67
2023-06-29,30827.26,1556.18,2512.26,15617.82,24385.1,18329.83,17624.46
2023-06-30,30748.14,1561.45,2512.82,15564.88,24372.49,18314.63,17510.71
2023-07-03,30844.17,1559.89,2513.19,15786.83,24343.08,18366.38,17751.6
2023-07-04,30626.53,1557.39,2512.97,15661.22,24256.57,18779.31,17431.64
2023-07-05,30691.23,1552.52,2513.36,15792.09,23895.6,18475.99,17176.68
2023-07-06,30849.58,1552.66,2514.43,15850.73,24255.54,18516.81,17068.19
2023-07-07,30399.48,1553.66,2514.93,16152.01,24306.47,18714.29,17225.63
2023-07-10,29965.02,1549.43,2515.44,16199.27,24301.82,18775.65,17184.39
2023-07-11,29621.69,1555.45,2516.98,16298.43,24498.9,18517.78,17034.86
2023-07-12,29590.55,1553.51,2517.01,16086.96,24398.52,18845.17,17114.42
2023-07-13,29790.0,1553.81,2518.03,16207.62,24484.15,18994.93,17204.4
2023-07-14,30351.62,1555.16,2518.56,16252.81,24341.92,19049.8,17369.57
2023-07-17,31422.38,1567.39,2520.51,16358.91,24284.8,18828.77,17651.35
2023-07-18,31523.16,1572.91,2521.85,16239.48,24412.93,19223.01,17910.93
2023-07-19,31349.07,1576.6,2523.56,16180.98,24479.6,19332.71,18035.51
2023-07-20,30353.51,1575.3,2524.7,16212.76,24425.95,19418.9,18029.75
2023-07-21,30484.41,1577.23,2524.96,16211.03,24584.3,19529.52,18129.54
2023-07-24,30434.28,1579.58,2526.74,16255.01,24439.96,19705.39,18056.95
2023-07-25,30305.69,1579.91,2527.68,16284.8,24269.21,19735.41,18251.89
2023-07-26,30052.41,1584.18,2528.51,16226.47,24190.93,19725.06,18160.92
2023-07-27,29814.18,1597.19,2528.53,16202.45,24156.83,19348.82,18017.07
2023-07-28,29971.67,1593.18,2529.77,16111.33,24102.63,19225.23,18223.83
2023-07-31,30261.21,1595.3,2530.08,16487.1,24029.95,19574.09,17939.84
2023-08-01,30271.81,1597.33,2530.31,16540.9,24219.97,19441.28,17829.97
2023-08-02,30625.64,1596.83,2531.21,16788.5,24531.73,19400.44,17963.2
2023-08-03,31199.01,1594.59,2531.37,16654.0,24517.19,19214.1,17957.03
2023-08-04,31181.08,1592.15,2531.41,16649.87,24648.05,19310.62,17942.46
2023-08-07,31736.8,1601.63,2531.32,16597.05,24511.78,19277.01,17741.25
2023-08-08,31343.06,1602.73,2532.79,16658.89,24504.44,19237.46,17558.18
2023-08-09,31491.68,1607.28,2534.59,16694.71,24609.34,19111.96,17533.05
2023-08-10,31347.35,1606.61,2536.77,16547.88,24452.05,19192.32,17247.91
2023-08-11,31584.09,1608.82,2538.17,16620.41,24614.4,19453.1,17257.03
2023-08-14,30676.35,1611.38,2536.98,16664.8,24479.93,19174.79,17491.93
2023-08-15,31203.05,1610.87,2537.89,16713.0,24697.29,19133.4,17712.29
2023-08-16,31204.5,1612.4,2538.34,16879.5,24881.56,19115.91,17831.05
2023-08-17,31415.25,1618.09,2540.91,17019.12,25121.88,18997.39,17881.18
2023-08-18,31097.04,1614.02,2541.88,17255.36,25345.46,19202.08,17875.8
2023-08-21,31847.62,1615.4,2541.87,17311.56,25762.06,19411.13,17898.6
2023-08-22,32022.95,1618.19,2541.95,17449.92,25881.66,19460.5,17738.34
2023-08-23,31877.62,1621.91,2541.2,17431.04,25589.02,19354.35,17636.21
2023-08-24,30986.61,1626.3,2541.8,17466.78,25628.24,19561.35,17348.68
2023-08-25,30859.64,1629.74,2541.2,17558.45,25544.53,19520.59,17526.24
2023-08-28,29904.82,1635.12,2540.24,17495.85,25272.65,19699.94,17516.73
2023-08-29,29979.19,1633.92,2540.15,17513.03,25550.86,20139.37,17890.17
2023-08-30,30247.27,1640.4,2539.99,17338.47,25499.01,20149.85,17793.76
2023-08-31,30567.67,1641.38,2540.7,17522.91,25201.62,20188.38,17803.51
2023-09-01,30227.95,1645.47,2541.66,17713.52,25080.84,20074.82,17943.9
2023-09-04,29985.37,1640.52,2542.32,17546.73,25562.58,20266.46,18032.5
2023-09-05,29968.13,1643.73,2542.89,17722.32,25862.75,20314.72,18028.95
2023-09-06,29762.89,1644.84,2543.86,17871.87,26030.1,20101.03,18370.34
2023-09-07,29106.84,1644.06,2545.44,17927.29,26177.37,19985.2,18208.43
2023-09-08,28878.35,1649.91,2545.3,17983.24,25996.8,20343.87,18338.67
2023-09-11,29059.36,1651.31,2546.22,18076.37,25801.55,20310.34,18268.95
2023-09-12,28895.48,1652.62,2546.89,17891.41,25932.07,20125.34,18254.73
2023-09-13,28822.07,1647.15,2547.88,18240.89,26284.12,20169.05,18314.57
2023-09-14,28635.46,1644.78,2548.38,17928.21,26078.66,20085.16,18302.67
2023-09-15,29601.16,1646.01,2548.33,17723.25,26070.46,20062.73,18283.26
2023-09-18,29673.85,1643.69,2548.87,17886.49,26132.96,20169.13,18010.44
2023-09-19,29787.26,1650.18,2548.94,18030.0,26042.52,20239.83,18187.29
2023-09-20,29573.41,1649.43,2548.81,18292.09,26017.43,20256.4,17914.33
2023-09-21,29789.24,1645.9,2550.42,18316.46,25811.49,20157.58,18188.96
2023-09-22,29851.06,1641.75,2551.2,18187.19,25889.16,19853.72,18180.98
2023-09-25,29160.16,1641.67,2550.27,18205.58,25938.06,20203.32,18365.07
2023-09-26,29792.45,1645.66,2548.28,18341.81,26081.71,20548.19,17927.55
2023-09-27,29768.41,1642.24,2548.81,18246.42,26050.54,20563.17,17931.99
2023-09-28,30011.8,1638.39,2548.96,18096.36,26215.53,20725.79,17940.97
2023-09-29,29770.23,1636.48,2549.64,18109.68,26300.87,20730.56,17791.39
2023-10-02,29976.65,1636.67,2550.49,18011.46,26580.95,20600.47,17959.68
2023-10-03,30276.32,1632.78,2551.14,17994.38,26535.97,20624.5,17857.59
2023-10-04,29689.29,1633.75,2551.17,17912.11,26754.38,20660.8,17709.55
2023-10-05,29926.01,1640.64,2552.61,18006.34,26718.02,20944.78,17655.87
2023-10-06,29902.95,1641.05,2552.33,17948.68,26871.56,20973.16,17840.1
2023-10-09,29500.98,1639.83,2553.97,17881.22,27178.46,21301.83,17900.97
2023-10-10,30214.47,1644.93,2555.1,17993.35,27454.29,21282.62,17983.74
2023-10-11,29847.52,1640.63,2555.23,17838.99,27421.55,21187.4,18134.58
2023-10-12,29965.71,1643.29,2556.24,17715.56,27316.77,21478.63,18106.45
2023-10-13,29475.99,1643.87,2556.61,17773.24,27547.99,21755.67,18310.37
2023-10-16,29050.28,1651.37,2558.37,17654.74,27458.95,21781.67,18392.39
2023-10-17,29500.91,1657.07,2558.52,17852.33,27695.63,21858.8,18561.39
2023-10-18,29378.69,1649.4,2559.83,17707.44,27438.97,21925.17,18426.4
2023-10-19,29993.32,1650.74,2559.47,17698.56,27558.75,21977.41,18456.22
2023-10-20,29843.74,1645.15,2560.4,17581.58,27488.86,21916.81,18647.36
2023-10-23,29677.05,1650.36,2561.3,17801.94,27129.29,22396.41,19010.11
2023-10-24,29386.6,1646.87,2562.48,17657.02,26970.7,22329.07,19227.26
2023-10-25,29207.64,1650.61,2563.54,17945.04,26898.16,22450.41,19456.11
2023-10-26,29480.18,1655.88,2563.95,17965.84,27338.5,22499.74,19161.57
2023-10-27,29536.7,1648.77,2563.05,17947.25,26688.69,22016.98,19115.79
2023-10-30,29432.26,1655.37,2562.62,17651.62,26628.7,22051.24,19249.55
2023-10-31,29736.37,1660.54,2561.62,17902.62,26565.37,22007.92,18994.46
2023-11-01,29985.49,1656.61,2562.06,17985.8,26367.72,21911.46,19092.71
2023-11-02,29890.89,1661.94,2563.64,17815.63,26296.57,21722.83,19033.87
2023-11-03,30550.91,1657.4,2563.7,17748.2,26277.25,22082.36,18985.65
2023-11-06,29926.42,1661.67,2564.04,17517.72,26145.92,21877.96,19011.72
2023-11-07,30116.75,1661.76,2564.23,17414.77,26235.04,21852.33,19100.07
2023-11-08,30087.01,1656.3,2565.09,17406.75,26589.74,21763.07,19271.2
2023-11-09,30319.07,1662.95,2565.89,17650.05,26591.61,21572.17,19049.32
2023-11-10,30384.65,1669.61,2566.21,18022.49,26455.11,21729.89,19266.74
2023-11-13,30517.29,1670.9,2566.09,18109.97,26443.9,21826.56,19417.82
2023-11-14,29791.34,1671.47,2567.26,17889.06,26381.22,21742.13,19375.32
2023-11-15,29906.17,1670.26,2568.81,18242.27,26631.91,21577.5,19598.15
2023-11-16,30363.05,1673.07,2570.12,17987.98,26543.49,21688.63,19243.13
2023-11-17,30131.52,1675.27,2569.86,18123.58,26662.35,21783.41,19291.42
2023-11-20,30572.19,1682.21,2568.68,18141.98,26738.23,21766.76,19182.16
2023-11-21,30444.61,1683.58,2569.15,18334.81,26774.36,22055.7,18968.25
2023-11-22,30217.12,1690.01,2570.92,18230.41,26539.03,22374.86,18663.56
2023-11-23,30000.97,1682.59,2569.98,18394.31,26418.44,22286.27,18809.64
2023-11-24,29600.64,1686.51,2570.31,18623.08,26389.86,22712.24,18931.06
2023-11-27,29651.28,1687.75,2572.27,18694.63,26146.25,22668.86,19202.31
2023-11-28,29416.95,1689.76,2573.73,18705.54,25949.67,22628.15,19359.98
2023-11-29,29215.48,1698.01,2574.58,18871.49,25860.22,22782.65,19307.85
2023-11-30,28960.4,1703.24,2574.28,19089.15,25945.06,22864.44,19923.74
2023-12-01,29112.78,1702.22,2576.15,19025.54,26258.49,22882.82,20167.14
2023-12-04,28626.99,1699.05,2576.67,18935.92,26328.55,22511.19,19918.39
2023-12-05,28883.51,1691.35,2575.51,18845.16,26368.49,22208.0,19901.79
2023-12-06,29105.97,1693.76,2577.34,18510.3,26396.12,21969.29,19965.7
2023-12-07,29332.73,1699.5,2577.17,18661.21,26335.04,21982.67,19918.88
2023-12-08,28957.48,1705.43,2580.42,18669.1,26327.03,21893.71,20401.09
2023-12-11,29074.15,1704.18,2580.93,18634.58,26461.37,21832.19,20347.07
2023-12-12,29625.29,1710.05,2581.94,18575.85,26679.91,21786.47,20270.96
2023-12-13,29154.4,1716.02,2582.69,18651.43,26164.46,21986.45,20455.03
2023-12-14,29248.55,1720.69,2583.14,18559.3,26332.05,22148.47,20495.99
2023-12-15,28821.01,1721.41,2584.45,18705.12,26281.12,22078.77,20457.41
2023-12-18,28732.52,1721.71,2585.28,18656.25,26400.34,22030.93,20979.35
2023-12-19,28740.08,1724.52,2585.99,18490.54,26490.99,21875.14,21361.54
2023-12-20,28509.29,1727.99,2585.82,18591.22,26475.03,21821.61,21036.04
2023-12-21,28234.42,1726.41,2586.37,18468.16,26601.9,22084.5,21501.23
2023-12-22,28355.05,1725.33,2586.08,18466.26,26676.81,22275.7,21471.29
2023-12-25,27980.85,1727.0,2587.08,18617.09,26681.28,22362.63,21763.11
2023-12-26,28201.98,1724.8,2588.02,18633.36,26670.1,22163.48,22271.96
2023-12-27,28911.6,1723.08,2588.83,18658.77,26467.95,22164.57,22491.73
2023-12-28,28424.4,1715.95,2590.51,18600.74,26483.66,22100.9,23095.81
2023-12-29,27922.2,1712.08,2591.84,18635.26,26067.8,22082.34,23335.22
2024-01-01,27361.38,1715.79,2594.21,18549.12,26141.77,22248.26,23517.16
2024-01-02,27200.79,1720.64,2595.68,18638.25,26315.16,22472.32,23802.98
2024-01-03,27545.85,1720.96,2596.48,18595.92,26017.19,22974.3,23486.07
2024-01-04,27930.0,1724.88,2596.91,18576.09,25970.63,22804.87,23446.63
2024-01-05,28113.62,1715.7,2596.42,18432.33,26286.8,23065.54,23178.28
2024-01-08,28211.95,1718.05,2598.22,18519.39,26773.66,23049.65,23146.2
2024-01-09,28735.72,1712.23,2599.35,18445.92,26765.23,22916.8,23279.3
2024-01-10,28561.91,1709.1,2599.65,18290.2,26791.68,23372.32,23255.26
2024-01-11,28804.51,1712.39,2600.58,18221.38,26788.79,23750.47,23232.12
2024-01-12,29629.21,1716.41,2601.36,18352.06,26834.61,23703.9,22892.05
2024-01-15,30161.77,1708.68,2601.96,18448.21,27120.42,23565.5,22770.75
2024-01-16,29718.08,1702.0,2603.39,18121.95,27134.09,23214.6,23220.3
2024-01-17,29501.59,1699.61,2602.79,18027.78,26843.83,23484.97,23088.78
2024-01-18,30366.65,1692.44,2604.16,18250.11,26913.23,23076.75,23013.35
2024-01-19,30146.9,1691.16,2605.91,18447.52,26841.32,23059.05,23088.95
2024-01-22,30844.19,1695.34,2605.67,18267.84,26608.94,22889.87,23201.06
2024-01-23,30682.12,1689.21,2604.74,18411.51,26378.65,23184.94,23179.79
2024-01-24,30619.5,1698.28,2605.79,18204.6,26367.44,23577.38,22830.29
2024-01-25,30254.09,1697.65,2607.26,18088.89,26515.75,23237.71,22985.32
2024-01-26,29963.82,1699.73,2607.21,17939.5,26652.74,23266.43,23506.3
2024-01-29,29904.13,1695.82,2606.73,18056.85,26930.04,23333.91,24015.96
2024-01-30,30002.13,1700.76,2605.86,18070.38,26776.38,23286.71,23836.51
2024-01-31,29856.53,1702.25,2607.42,18154.2,26708.12,23167.34,23960.69
2024-02-01,30169.22,1703.82,2608.01,17873.64,26860.26,23501.33,24673.62
2024-02-02,30023.74,1705.97,2609.75,18012.03,27032.14,23405.26,24688.25
2024-02-05,29197.88,1700.91,2608.14,18263.65,26929.88,23830.38,24775.39
2024-02-06,29134.83,1703.16,2608.88,18308.39,26791.56,23703.89,24374.77
2024-02-07,28965.0,1706.67,2610.47,18617.53,26907.95,23878.12,24680.14
2024-02-08,29589.39,1700.58,2610.37,18759.69,27115.31,24067.09,24773.83
2024-02-09,29980.46,1699.92,2611.65,19048.41,27075.51,23939.14,24540.12
2024-02-12,30417.75,1699.08,2611.46,19021.64,27190.52,23578.8,24749.54
2024-02-13,30737.34,1699.75,2611.35,19080.74,27204.1,23412.88,25041.46
2024-02-14,30947.09,1703.33,2612.09,18984.07,27072.21,23182.57,24861.04
2024-02-15,31156.93,1707.33,2612.26,18768.67,27248.68,23363.69,24412.57
2024-02-16,31580.57,1707.39,2614.06,18653.02,27210.95,23297.7,24466.64
2024-02-19,31858.23,1712.0,2614.74,18705.47,26888.11,23593.9,24675.17
2024-02-20,31648.99,1706.55,2616.58,18522.31,26756.34,23725.63,24765.68
2024-02-21,31056.46,1708.17,2617.81,18548.37,26280.57,23697.62,25108.96
2024-02-22,30276.6,1700.01,2617.73,18229.55,26881.8,23727.37,24641.79
2024-02-23,29943.68,1698.36,2618.59,18188.91,27182.27,23463.38,24375.39
2024-02-26,29661.0,1700.91,2618.58,18236.42,26902.93,23435.29,24452.26
2024-02-27,29643.18,1704.46,2620.21,18140.11,26786.05,23477.08,24039.49
2024-02-28,29613.75,1706.21,2622.09,18102.25,26848.24,23409.72,23848.94
2024-02-29,30357.45,1713.48,2621.33,18107.93,27215.19,23305.84,23721.89
2024-03-01,30616.47,1714.44,2622.48,18058.93,27390.12,23525.56,24012.16
2024-03-04,30323.31,1707.58,2624.16,18109.85,27452.76,23342.71,24385.97
2024-03-05,30927.26,1698.31,2625.57,17869.4,27333.8,23475.51,24602.54
2024-03-06,30850.89,1694.55,2626.16,17705.06,27454.14,23716.62,25147.03
2024-03-07,31116.28,1690.78,2629.11,17565.31,27565.91,23832.62,25565.49
2024-03-08,31341.27,1691.42,2629.99,17543.19,27586.79,23593.02,25811.91
2024-03-11,31381.24,1689.55,2629.44,17813.28,27581.92,23628.96,26051.84
2024-03-12,32025.15,1685.99,2630.69,17906.49,27494.21,23828.17,25895.63
2024-03-13,31789.63,1684.0,2632.27,17665.04,27798.72,23779.83,25505.48
2024-03-14,31869.11,1683.04,2633.44,17703.7,27429.35,23613.68,25315.89
2024-03-15,31495.76,1679.98,2634.29,17632.35,27511.84,23441.46,25574.86
2024-03-18,31671.72,1680.63,2633.82,17575.17,27528.73,23520.23,25500.36
2024-03-19,31873.85,1685.12,2633.13,17479.0,27101.41,23463.48,25694.01
2024-03-20,31934.59,1682.85,2633.0,17447.25,27030.46,23347.97,25182.78
2024-03-21,31987.56,1683.69,2631.69,17201.88,26818.59,22931.61,25349.46
2024-03-22,31932.93,1692.97,2633.63,17192.88,26605.43,23311.25,25120.74
2024-03-25,32122.98,1694.5,2634.37,17245.57,26447.91,23258.72,24929.87
2024-03-26,32422.55,1699.65,2634.77,17140.81,26731.68,23438.39,25421.46
2024-03-27,31905.46,1698.11,2634.26,17074.76,26731.44,23728.92,26065.73
2024-03-28,31805.71,1703.61,2633.87,16916.57,26907.86,24465.05,25766.61
2024-03-29,31669.24,1700.65,2634.57,16868.45,26656.93,24625.32,25715.61
2024-04-01,31983.58,1703.72,2635.01,16888.83,26534.7,24710.96,25695.82
2024-04-02,32546.98,1708.83,2635.8,16870.69,26455.04,24388.09,25927.97
2024-04-03,32763.83,1715.98,2635.37,16969.37,26502.3,23968.38,25806.46
2024-04-04,32852.35,1717.01,2636.37,17110.64,26630.64,23481.21,25588.14
2024-04-05,32527.53,1716.33,2638.12,17036.23,26702.49,23458.27,25689.63
2024-04-08,33401.58,1710.85,2638.56,17011.92,26539.12,23264.7,25729.56
2024-04-09,33000.86,1711.02,2639.89,16866.83,26713.2,23177.23,26000.44
2024-04-10,32454.97,1714.99,2640.43,16808.29,26592.91,23485.02,25816.42
2024-04-11,32803.63,1718.5,2640.79,16823.41,26663.65,23604.47,25772.88
2024-04-12,32595.18,1718.9,2641.83,16935.63,26377.86,23613.77,26017.53
2024-04-15,32965.92,1721.0,2642.12,16930.0,26335.16,23666.75,26016.11
2024-04-16,33650.78,1728.76,2642.28,16980.84,26459.58,23533.93,25541.71
2024-04-17,33550.26,1732.22,2643.86,16803.86,26494.47,23446.85,26033.2
2024-04-18,33787.06,1731.69,2643.03,16845.45,26330.15,23174.56,26024.84
2024-04-19,33602.75,1732.18,2643.79,16733.93,26459.88,23346.03,26021.75
2024-04-22,33661.25,1735.62,2643.59,16958.47,26304.4,23725.7,26795.23
2024-04-23,33625.6,1738.72,2645.78,17220.58,25943.01,24024.7,27462.3
2024-04-24,34100.33,1749.14,2647.21,17447.79,26175.88,24042.36,27777.35
2024-04-25,33867.82,1756.93,2648.96,17324.95,25974.02,24258.6,27454.75
2024-04-26,33577.05,1752.9,2649.81,17426.62,26154.9,24387.88,27903.93
2024-04-29,33509.29,1750.53,2651.02,17082.77,26116.62,24437.67,27366.36
2024-04-30,33842.75,1756.68,2651.88,17241.35,26267.55,24526.31,27425.99
2024-05-01,33493.93,1753.74,2652.1,17244.51,26111.64,24255.33,27299.31
2024-05-02,32972.81,1754.99,2654.26,16997.14,26307.62,24165.31,27100.19
2024-05-03,33538.08,1762.69,2655.53,17089.16,26202.91,24032.75,27188.78
2024-05-06,32543.93,1764.58,2655.53,17048.91,26156.68,23726.66,27395.82
2024-05-07,31984.81,1769.46,2654.9,17008.18,25711.25,23859.98,27658.74
2024-05-08,32983.03,1770.96,2654.74,17089.87,25384.42,24020.62,27650.75
2024-05-09,32214.92,1771.15,2655.47,17238.29,25554.67,23501.77,27602.49
2024-05-10,32043.0,1763.45,2655.61,17284.24,25427.66,23510.84,27888.82
2024-05-13,31778.86,1765.1,2657.08,16969.97,25034.38,23452.74,28185.85
2024-05-14,30806.42,1763.25,2658.0,17014.9,24918.63,23335.98,28247.89
2024-05-15,30402.73,1769.73,2658.47,16878.83,25040.63,23011.19,27989.76
2024-05-16,30536.45,1759.01,2659.16,16953.11,24808.29,23035.4,27475.73
2024-05-17,30879.61,1757.26,2659.74,17005.88,25031.62,23051.09,27699.54
2024-05-20,31377.87,1763.92,2660.23,16968.51,24930.84,22986.43,28024.56
2024-05-21,31238.09,1773.15,2661.24,16955.82,24864.19,23162.88,27977.94
2024-05-22,30469.31,1778.81,2661.5,16708.03,24718.66,23331.69,28114.42
2024-05-23,30512.96,1782.32,2661.21,16929.07,24352.62,22963.31,28556.53
2024-05-24,31121.98,1775.1,2662.52,16972.13,24302.31,23130.23,29233.71
2024-05-27,31809.83,1770.88,2662.54,17005.04,24294.5,22947.9,29121.41
2024-05-28,32268.94,1775.53,2664.27,17044.52,24377.48,22904.57,29110.99
2024-05-29,31687.7,1770.28,2664.82,16791.53,24232.85,23251.95,29279.9
2024-05-30,31624.96,1769.74,2665.13,16923.37,23918.07,23255.08,28897.63
2024-05-31,31748.58,1768.86,2665.03,16863.56,24263.56,23478.88,28221.43
2024-06-03,31944.41,1771.23,2665.46,16875.43,24306.96,23438.49,27815.24
2024-06-04,31188.91,1774.73,2666.44,16788.29,24298.76,23645.04,27746.21
2024-06-05,32113.4,1763.92,2666.46,16616.34,24515.94,23645.91,27536.84
2024-06-06,32729.43,1765.69,2667.77,16538.08,24327.82,23602.06,27300.7
2024-06-07,32751.58,1763.17,2667.53,16507.71,24108.83,23639.83,27333.86
2024-06-10,32833.07,1766.15,2668.99,16501.34,24240.59,23419.81,27346.65
2024-06-11,32629.81,1758.75,2669.77,16428.76,24606.36,23325.61,27130.41
2024-06-12,33217.28,1763.76,2670.08,16409.74,24329.59,23463.75,26655.2
2024-06-13,32712.14,1761.09,2671.09,16364.28,24328.14,23650.0,26795.81
2024-06-14,32787.1,1759.88,2673.13,16176.78,24400.26,23472.75,27135.17
2024-06-17,32431.97,1767.63,2674.79,16167.64,24493.03,23844.44,26962.64
2024-06-18,32447.21,1767.53,2675.79,16158.44,24433.08,24240.12,26862.34
2024-06-19,33000.73,1772.44,2677.26,16061.79,24251.6,24055.68,27128.23
2024-06-20,32731.29,1772.84,2677.6,16179.78,23845.04,23971.49,27470.09
2024-06-21,32836.97,1780.8,2677.76,16173.76,24242.12,23977.41,27345.17
2024-06-24,32802.32,1782.83,2679.05,16220.61,24562.63,24248.12,27330.37
2024-06-25,32493.34,1785.67,2679.94,16101.93,24429.47,24383.55,27808.99
2024-06-26,32239.44,1786.99,2680.39,16008.77,24432.48,24330.34,28104.76
2024-06-27,31992.44,1786.17,2681.76,15968.3,24309.96,24073.11,27761.45
2024-06-28,31224.26,1790.62,2682.49,15806.46,24249.42,23673.46,27243.68
2024-07-01,31178.79,1787.76,2684.27,15565.93,24219.76,23745.46,27175.42
2024-07-02,31234.74,1791.56,2683.17,15737.05,23978.71,24142.21,26896.48
2024-07-03,30607.32,1796.42,2683.44,15660.24,23963.28,24155.47,27056.68
2024-07-04,30437.49,1799.36,2684.91,15639.34,23984.4,24256.59,27293.8
2024-07-05,30364.12,1795.61,2687.0,15674.19,23663.37,24314.28,27390.57
2024-07-08,30728.06,1798.15,2688.82,15645.06,23523.06,23977.75,27158.7
2024-07-09,31494.07,1803.42,2688.97,15499.14,23252.67,24324.87,26787.25
2024-07-10,31688.88,1798.19,2690.74,15630.27,23052.9,24168.88,27005.95
2024-07-11,31112.04,1791.8,2689.9,15567.93,23007.05,24011.37,27278.3
2024-07-12,30737.86,1796.13,2689.81,15648.16,22976.94,24122.79,27640.52
2024-07-15,30791.16,1793.72,2690.29,15835.38,22948.31,23982.81,27567.21
2024-07-16,30620.54,1797.61,2691.37,15673.47,23344.22,23720.95,27556.16
2024-07-17,30625.44,1805.9,2691.23,15784.67,23403.7,23936.64,27828.51
2024-07-18,31001.15,1799.73,2691.81,15804.86,23477.72,23976.03,27849.89
2024-07-19,30949.63,1793.18,2693.66,15694.7,23500.87,24192.22,27687.25
2024-07-22,32039.98,1797.33,2693.36,15756.77,23225.61,24126.28,27442.49
2024-07-23,31369.39,1803.79,2692.99,15777.69,23202.96,24042.12,27684.51
2024-07-24,31627.15,1812.12,2693.01,15706.33,23204.79,24108.17,27610.56
2024-07-25,30926.4,1816.33,2695.73,15960.67,23346.45,24195.5,27458.11
2024-07-26,30584.92,1816.23,2696.79,16018.35,23136.57,24071.29,27616.14
2024-07-29,30965.79,1817.19,2696.75,15883.1,23030.51,23922.51,27411.37
2024-07-30,30115.28,1819.25,2698.23,15933.58,22827.69,24127.03,27249.63
2024-07-31,30261.13,1827.51,2697.36,15917.38,22704.38,24210.66,27279.32
2024-08-01,29765.26,1829.38,2697.95,15777.82,22650.66,24281.92,27152.66
2024-08-02,29757.68,1826.72,2698.76,15755.2,22431.03,23874.95,27609.24
2024-08-05,29520.13,1828.27,2700.4,15812.79,22584.78,23941.69,27794.38
2024-08-06,29546.99,1821.61,2699.87,15700.58,22404.45,24032.79,27852.07
2024-08-07,29731.45,1819.58,2701.66,15529.29,22532.78,23977.43,28317.15
2024-08-08,30192.46,1818.69,2703.23,15362.67,22452.13,24109.54,28360.75
2024-08-09,30272.31,1817.43,2705.07,15204.19,22367.52,23975.05,28729.05
2024-08-12,30553.49,1810.69,2704.74,15278.12,22526.84,24060.03,28424.91
2024-08-13,30546.78,1805.8,2706.92,15336.63,22647.1,23750.83,28239.86
2024-08-14,30005.06,1806.23,2706.01,15228.61,22735.91,23953.37,27952.48
2024-08-15,29556.16,1810.56,2705.64,15208.95,22420.47,23803.08,28130.66
2024-08-16,30195.11,1809.18,2706.49,15053.53,22650.74,23906.78,27659.71
2024-08-19,29709.82,1810.04,2706.87,14981.01,22929.48,24182.83,27777.14
2024-08-20,29809.66,1814.56,2706.43,14906.94,22884.85,24406.89,27639.56
2024-08-21,29903.18,1827.33,2709.14,14950.61,22709.62,24512.37,27698.08
2024-08-22,29973.56,1826.4,2708.39,15102.72,22490.05,24703.44,27709.53
2024-08-23,30423.16,1823.05,2707.61,14975.16,22439.05,25044.06,27902.21
2024-08-26,30173.77,1827.21,2708.58,14880.97,22243.53,25083.57,28636.89
2024-08-27,30106.91,1831.66,2709.24,14921.39,22207.46,25312.18,29318.73
2024-08-28,29986.43,1826.15,2708.69,14753.49,22110.53,25063.38,29610.33
2024-08-29,29080.05,1821.53,2711.25,14650.37,21873.88,24917.35,29514.1
2024-08-30,28795.65,1815.77,2712.03,14760.51,21757.43,25263.67,29596.07
2024-09-02,29244.94,1813.02,2712.25,14916.24,21776.98,25221.47,29481.68
2024-09-03,30098.31,1817.49,2712.95,14810.0,21618.96,25118.02,29255.28
2024-09-04,30519.2,1819.64,2712.3,14717.11,21560.82,25067.76,28632.74
2024-09-05,30705.89,1820.94,2713.93,14805.13,21723.49,24923.71,28576.99
2024-09-06,30147.69,1816.96,2714.86,14928.9,21594.36,24899.11,28684.76
2024-09-09,30246.83,1812.63,2715.34,14898.73,21435.0,24682.56,28902.69
2024-09-10,30309.89,1813.48,2716.04,14819.8,21460.45,24571.86,28958.06
2024-09-11,31331.8,1813.78,2715.98,14888.06,21670.03,24601.59,28749.24
2024-09-12,30604.27,1816.54,2717.66,14933.94,21751.37,24958.0,28605.42
2024-09-13,30099.76,1823.42,2717.8,14931.69,21636.51,24961.05,28924.9
2024-09-16,30631.45,1818.72,2718.02,15160.16,21521.66,24596.8,28387.59
2024-09-17,31316.54,1818.55,2718.89,15193.21,21440.2,24828.81,28242.01
2024-09-18,31483.12,1819.59,2717.88,15054.54,21386.9,25018.79,28267.44
2024-09-19,31346.65,1821.0,2719.05,15108.71,21833.13,24857.0,28154.12
2024-09-20,31619.15,1821.86,2719.73,15026.52,21860.06,25043.56,27691.17
2024-09-23,32611.3,1822.21,2720.89,15008.09,22193.05,25027.43,28004.07
2024-09-24,32343.05,1823.6,2721.38,15104.99,22353.15,25361.33,28394.2
2024-09-25,32575.59,1826.5,2721.36,15214.41,21904.89,25914.42,28095.96
2024-09-26,32507.76,1823.78,2722.16,14853.8,21823.42,26019.04,27109.45
2024-09-27,32697.99,1826.46,2723.72,14787.04,21820.83,26209.35,27748.81
2024-09-30,33076.34,1829.35,2723.94,14728.18,21860.32,26596.2,27635.87
2024-10-01,32831.98,1830.96,2725.36,14730.0,21882.13,26836.51,27350.11
2024-10-02,33305.02,1838.77,2725.8,14626.49,21585.33,26958.29,27332.93
2024-10-03,33102.21,1840.3,2726.12,14594.44,21285.85,26946.23,27449.92
2024-10-04,33389.76,1842.52,2727.58,14587.3,21287.69,26691.79,27272.19
2024-10-07,32526.0,1838.51,2728.58,14390.67,21226.63,26640.36,27329.83
2024-10-08,32895.33,1843.86,2728.11,14372.93,21458.83,26598.69,27310.18
2024-10-09,32516.54,1853.31,2728.64,14490.4,21469.47,26617.47,27115.28
2024-10-10,32315.15,1854.57,2728.34,14346.96,21614.9,26204.2,26634.68
2024-10-11,31342.41,1845.47,2729.5,14366.73,21740.08,26134.54,27057.16
2024-10-14,31267.26,1851.01,2729.42,14379.72,21737.68,26088.37,27248.24
2024-10-15,31870.94,1857.94,2730.26,14171.82,21945.12,25783.18,27029.11
2024-10-16,31208.8,1859.48,2731.42,14134.89,21871.8,25889.05,27170.99
2024-10-17,31315.41,1857.59,2732.58,14128.86,21872.35,26114.95,26921.58
2024-10-18,30464.24,1864.09,2732.81,14278.48,21894.68,26127.48,26926.99
2024-10-21,30422.67,1870.26,2733.56,14240.13,21753.58,25856.25,27126.03
2024-10-22,30808.72,1871.98,2733.66,14288.49,21557.84,25846.05,27286.43
2024-10-23,30784.4,1877.9,2734.0,14210.56,21341.42,26027.18,27178.22
2024-10-24,31141.45,1875.01,2733.89,14250.15,21169.13,26201.53,27448.38
2024-10-25,30947.48,1881.66,2734.64,14357.37,21155.33,26204.27,27469.11
2024-10-28,32098.9,1883.49,2735.76,14168.56,21218.4,26312.74,27322.79
2024-10-29,32615.67,1882.59,2735.74,14189.62,21010.6,26179.28,27864.48
2024-10-30,32733.86,1883.67,2735.72,14256.69,21029.77,26365.46,27529.05
2024-10-31,33543.71,1888.05,2737.8,14246.14,20995.61,26284.09,27671.69
2024-11-01,34222.75,1890.06,2737.79,14279.33,21165.71,26120.99,28137.69
2024-11-04,33993.08,1899.36,2739.11,14373.15,21088.33,26354.8,27617.39
2024-11-05,34254.28,1905.72,2740.69,14218.52,21373.95,26399.43,28152.57
2024-11-06,34138.45,1900.65,2741.64,14269.15,21517.91,26432.22,28715.39
2024-11-07,34600.55,1905.63,2742.66,14414.19,21469.52,26570.64,28581.36
2024-11-08,35387.83,1911.01,2743.43,14369.34,21383.49,26568.5,28693.51
2024-11-11,34694.22,1914.52,2742.96,14300.81,21549.43,26364.64,28472.99
2024-11-12,34776.37,1910.49,2744.59,14232.26,21500.74,26326.02,28225.76
2024-11-13,35513.76,1916.43,2744.92,14272.7,21517.68,25995.86,27883.52
2024-11-14,35915.63,1918.24,2746.34,14445.88,21438.01,26279.61,28442.44
2024-11-15,36154.89,1913.9,2747.03,14699.96,21350.68,26037.24,28385.63
2024-11-18,36723.84,1916.17,2748.16,14897.22,21147.94,26501.05,27960.82
2024-11-19,36075.02,1922.19,2749.1,14862.16,21396.52,26330.86,28310.01
2024-11-20,36386.2,1918.66,2749.41,14764.86,21337.55,26488.04,28545.1
2024-11-21,37040.06,1915.14,2750.8,14586.66,21371.25,26944.27,28685.21
2024-11-22,37360.2,1919.21,2750.35,14647.02,21467.6,27020.38,28489.96
2024-11-25,36760.39,1921.54,2752.13,15010.84,21717.8,26957.63,28377.97
2024-11-26,36595.04,1926.07,2753.79,15043.38,21628.92,26979.24,29071.23
2024-11-27,36626.79,1926.96,2754.27,15092.83,21234.91,26787.95,29217.02
2024-11-28,36239.2,1939.74,2755.2,15094.69,21260.85,26327.15,29060.84
2024-11-29,35814.92,1938.58,2755.69,15170.81,21358.1,26479.58,29325.47
2024-12-02,36085.33,1942.4,2755.68,15100.92,21273.83,26024.02,29626.17
2024-12-03,36945.06,1940.73,2756.32,15148.34,21379.73,25725.11,30260.81
2024-12-04,36017.96,1934.44,2757.27,15118.43,21390.01,25751.46,30302.55
2024-12-05,35803.23,1934.4,2759.14,15184.85,21338.71,25615.27,30574.68
2024-12-06,35471.92,1933.61,2759.68,15190.58,21582.0,25739.62,30779.0
2024-12-09,36243.44,1942.89,2760.4,15262.58,21535.65,26118.64,30550.08
2024-12-10,36634.67,1945.6,2762.24,15156.27,21840.26,26073.19,30099.69
2024-12-11,37374.7,1942.39,2763.4,15299.43,21856.57,25947.15,30331.81
2024-12-12,37863.38,1943.27,2762.9,15429.09,21718.53,26368.59,30590.31
2024-12-13,38515.82,1939.44,2763.58,15398.71,21392.39,26541.71,29777.13
2024-12-16,38696.78,1938.81,2765.02,15335.05,21612.32,26772.66,29975.62
2024-12-17,38980.65,1944.48,2767.88,15184.43,21792.31,26986.74,29967.79
2024-12-18,39293.25,1947.39,2768.75,15047.46,21945.2,26942.01,30135.31
2024-12-19,39339.46,1939.89,2767.65,15006.41,22187.83,26866.71,29990.34
2024-12-20,39370.34,1936.6,2766.78,15032.5,22527.48,26656.09,30508.39
2024-12-23,39658.63,1933.13,2766.89,15064.49,22146.78,26841.32,30886.4
2024-12-24,39935.01,1930.34,2766.78,15288.32,21838.5,26946.6,30423.0
2024-12-25,40080.76,1932.34,2768.22,15231.62,21798.66,27114.54,30106.07
2024-12-26,40209.98,1938.0,2770.56,15162.79,21984.51,26684.48,30145.79
2024-12-27,40637.66,1936.92,2771.95,15158.44,22047.05,26918.31,29954.01
2024-12-30,40594.86,1934.41,2773.46,15052.32,22110.15,26823.28,30342.83
2024-12-31,39942.39,1939.04,2774.76,15249.27,22040.14,26344.73,30015.58
2025-01-01,40085.12,1941.13,2775.79,15482.17,21898.36,26058.06,30402.21
2025-01-02,39617.6,1939.14,2775.84,15590.37,21891.34,25956.52,29595.57
2025-01-03,40220.72,1937.8,2777.25,15717.14,21856.17,25806.28,29478.76
2025-01-06,39923.38,1936.94,2777.64,15703.81,21786.26,25822.49,29965.55
2025-01-07,39675.82,1942.92,2779.08,15798.1,21909.21,25940.51,29965.1
2025-01-08,39933.13,1945.64,2780.18,15968.03,21917.86,25927.71,29993.57
2025-01-09,39955.18,1955.22,2780.9,15933.63,22007.87,25833.22,30278.52
2025-01-10,40644.33,1958.48,2780.96,16129.36,21998.22,25878.91,30479.55
2025-01-13,40555.66,1954.67,2781.62,16133.9,22132.75,25927.87,30460.14
2025-01-14,40419.5,1947.03,2781.83,16128.6,21943.93,26233.15,30938.52
2025-01-15,40022.8,1944.54,2781.03,16020.77,21701.58,26105.68,31003.57
2025-01-16,39398.85,1937.11,2780.78,16057.4,21652.11,26093.57,31214.67
2025-01-17,39140.44,1933.87,2781.75,16213.08,21798.48,26489.21,31571.01
2025-01-20,39392.4,1934.52,2780.19,15923.37,21744.26,26219.37,30732.77
2025-01-21,40128.05,1928.75,2782.99,15975.8,22120.01,26148.59,30502.46
2025-01-22,40633.17,1933.13,2783.26,16078.7,21946.64,25951.95,30318.42
2025-01-23,40342.01,1931.22,2784.73,16102.07,21922.3,25679.74,30565.15
2025-01-24,40461.7,1935.67,2783.56,15852.25,21605.35,25744.08,31195.14
2025-01-27,40506.36,1931.62,2783.42,15684.27,21878.84,26061.36,30561.45
2025-01-28,41191.47,1935.7,2785.06,15681.47,21867.68,26561.68,30436.93
2025-01-29,41979.28,1933.79,2786.15,15475.43,21460.36,26565.52,30836.5
2025-01-30,40891.03,1933.19,2786.52,15827.04,21415.14,26697.83,30253.33
2025-01-31,41718.09,1930.65,2788.99,16003.75,20978.61,26839.46,30404.41
2025-02-03,40849.61,1930.47,2788.46,15876.03,21199.23,26804.56,30581.28
2025-02-04,41033.82,1933.83,2790.15,15997.59,21051.69,27122.99,30787.79
2025-02-05,39890.85,1927.67,2790.49,16093.28,21068.72,27097.65,30417.12
2025-02-06,40485.18,1939.05,2790.46,16053.21,20951.31,27372.52,30422.48
2025-02-07,40324.49,1950.55,2789.45,16190.65,20926.99,27300.66,30029.74
2025-02-10,40733.43,1948.65,2788.57,15923.94,21075.16,27038.39,30428.47
2025-02-11,40600.07,1954.1,2789.41,15886.99,21015.32,26793.34,30082.58
2025-02-12,41179.76,1948.78,2790.2,15826.68,21121.5,26427.25,30114.49
2025-02-13,40268.16,1941.3,2790.25,16069.02,20650.3,26737.16,30856.56
2025-02-14,40638.98,1951.34,2790.79,15950.73,20445.87,27053.97,31273.5
2025-02-17,40903.68,1955.8,2791.38,16048.15,20464.36,26897.95,30672.14
2025-02-18,41146.18,1957.13,2791.69,15965.65,20353.97,26659.64,30586.08
2025-02-19,41469.68,1961.42,2791.53,16112.88,20560.37,26491.39,30628.36
2025-02-20,42157.23,1958.69,2792.71,16063.67,20711.63,26546.7,30581.87
2025-02-21,42768.28,1959.78,2794.53,15912.29,20954.15,26342.08,30736.33
2025-02-24,41969.79,1961.54,2795.58,15915.96,20981.05,26483.79,30971.31
2025-02-25,42066.62,1954.99,2796.68,16033.96,20863.63,26426.49,31642.0
2025-02-26,42304.46,1961.26,2798.07,16110.42,20978.52,26694.04,31494.8
2025-02-27,42295.84,1959.62,2798.59,15922.25,20808.01,26867.15,31781.54
2025-02-28,42416.92,1954.41,2798.74,15722.71,20768.48,26616.33,31736.23
2025-03-03,42729.36,1963.32,2797.71,15647.53,20847.94,26335.65,32326.19
2025-03-04,43210.87,1970.02,2797.95,15529.22,20737.75,26397.53,32490.53
2025-03-05,43584.9,1969.56,2798.11,15422.27,21157.49,26368.82,32526.17
2025-03-06,44141.31,1963.93,2797.91,15371.45,21292.87,26680.53,32450.48
2025-03-07,45395.01,1967.14,2798.84,15453.5,21143.25,26786.23,32152.27
2025-03-10,45297.14,1968.09,2799.39,15425.92,21319.95,26692.08,32490.39
2025-03-11,45245.3,1979.6,2800.49,15284.25,21617.26,27104.84,32209.86
2025-03-12,45720.97,1986.91,2800.22,15177.11,21362.09,27016.48,31555.45
2025-03-13,45750.9,1985.23,2799.59,15239.62,21597.43,26713.2,31233.4
2025-03-14,45569.23,1993.16,2800.91,15233.0,21385.56,26678.52,31307.49
2025-03-17,45315.33,2000.58,2802.36,15151.67,21394.22,26503.29,30896.39
2025-03-18,45744.38,1992.4,2802.34,15237.48,21435.1,26748.86,30635.08
2025-03-19,46064.96,1995.95,2802.75,15345.82,21329.91,26497.45,30004.32
2025-03-20,47305.18,2002.68,2803.71,15449.69,21224.67,26710.38,29743.03
2025-03-21,46671.55,2001.24,2804.95,15444.27,21086.44,26662.84,30345.26
2025-03-24,46061.68,1995.64,2804.12,15338.19,21003.35,26306.34,30147.32
2025-03-25,46137.13,2011.47,2805.71,15317.19,20842.98,26419.06,30129.46
2025-03-26,45670.98,2020.18,2805.26,15235.68,21043.85,26710.74,30924.71
2025-03-27,44589.33,2022.26,2804.74,14917.74,20801.86,26748.69,31060.78
2025-03-28,44361.17,2012.14,2805.1,14896.02,21120.45,26717.5,31183.52
2025-03-31,45743.91,2010.83,2805.44,14643.16,21107.42,27173.08,30867.41
2025-04-01,47381.75,2021.62,2806.19,14563.29,20758.3,27476.34,30966.5
2025-04-02,47773.1,2029.27,2807.05,14500.85,20900.04,27678.13,31600.7
2025-04-03,47075.11,2028.71,2809.28,14692.44,20843.6,27205.67,31190.44
2025-04-04,46601.24,2026.96,2809.2,14557.4,20650.82,27052.7,31144.6
2025-04-07,46694.46,2035.27,2810.86,14592.18,20602.99,27015.71,30752.24
2025-04-08,46402.49,2034.86,2810.28,14561.42,20482.53,27140.28,31340.99
2025-04-09,46540.96,2035.08,2809.91,14623.43,20709.48,27369.71,30944.13
2025-04-10,46602.17,2038.15,2809.8,14551.18,20587.3,27133.46,30717.7
2025-04-11,45850.77,2042.04,2808.82,14371.11,20374.92,27286.56,30335.75
2025-04-14,45852.39,2037.25,2809.94,14390.57,20266.64,27021.71,29882.89
2025-04-15,46180.52,2041.29,2811.75,14399.46,20112.15,27205.69,29933.13
2025-04-16,45974.67,2037.03,2813.27,14428.49,20300.03,26956.24,29833.5
2025-04-17,46615.06,2044.57,2812.63,14399.95,20343.18,27267.31,29971.49
2025-04-18,46684.41,2043.7,2815.38,14364.89,20109.89,27342.64,30202.55
2025-04-21,46633.49,2046.07,2816.2,14466.71,19946.22,27264.24,29650.96
2025-04-22,46706.88,2032.18,2818.3,14558.29,19883.09,27351.45,29771.52
2025-04-23,46391.03,2037.34,2818.91,14469.62,19594.65,27208.05,29483.71
2025-04-24,46686.01,2043.24,2819.52,14458.93,19426.95,27227.52,29550.61
2025-04-25,46167.51,2041.44,2819.91,14324.13,19487.87,27002.82,29681.49
2025-04-28,47755.56,2035.26,2822.48,14397.76,19789.04,27087.54,29613.28
2025-04-29,49152.45,2028.94,2824.44,14459.24,19502.75,27041.23,30077.78
2025-04-30,49135.04,2029.82,2825.11,14634.81,19952.62,27005.98,29611.85
2025-05-01,49559.78,2024.98,2825.56,14730.4,20023.5,27009.92,29254.78
2025-05-02,50010.89,2025.52,2826.95,14759.0,19847.79,26812.7,29354.44
2025-05-05,50460.77,2026.98,2826.02,15081.25,20107.16,27322.68,30084.96
2025-05-06,50978.4,2029.02,2824.81,15131.41,20185.78,27287.59,29784.44
2025-05-07,51552.42,2037.27,2824.62,15207.67,20335.79,27567.51,29781.31
2025-05-08,52087.35,2044.88,2825.68,14991.01,20483.46,27299.92,30205.38
2025-05-09,51560.11,2046.56,2827.36,15098.24,20674.47,26776.39,30540.16
2025-05-12,51916.11,2050.91,2826.98,15407.35,20473.51,26851.04,30773.41
2025-05-13,51419.84,2053.86,2829.08,15450.9,20619.09,27118.65,30542.78
2025-05-14,51831.05,2062.37,2829.33,15557.82,20637.93,27424.98,30553.37
2025-05-15,52545.44,2064.04,2830.44,15707.27,20746.22,27666.01,30583.05
2025-05-16,52857.0,2069.79,2830.69,15948.39,20641.62,27628.78,30966.6
2025-05-19,53446.3,2082.27,2831.32,16035.81,20542.34,27783.79,30939.58
2025-05-20,53647.63,2085.45,2833.66,15836.88,20454.84,27642.52,31438.92
2025-05-21,55079.57,2083.9,2833.91,15874.16,20587.5,27507.92,31439.4
2025-05-22,55433.48,2082.58,2833.8,15983.1,20583.11,27575.33,31509.14
2025-05-23,54771.35,2079.69,2835.13,16082.33,20502.19,27647.3,31483.39
2025-05-26,54442.32,2084.66,2836.73,16069.92,20455.39,27532.55,31440.07
2025-05-27,54810.27,2087.54,2836.11,16029.25,20675.83,27591.11,31434.69
2025-05-28,55856.33,2086.64,2837.17,15989.49,20769.54,27884.64,31466.92
2025-05-29,56208.48,2095.75,2838.39,15977.58,20857.58,27681.69,30913.33
2025-05-30,56424.96,2094.65,2840.68,16002.37,20913.08,27860.87,30834.97
2025-06-02,55597.2,2096.15,2841.05,16081.24,21107.5,27541.89,31451.06
2025-06-03,57118.39,2093.01,2842.99,16138.5,20935.42,27150.64,30830.52
2025-06-04,56116.96,2093.42,2843.87,16089.19,21097.91,27237.26,30764.57
2025-06-05,54966.92,2090.17,2844.33,15940.9,21121.17,27235.8,30588.81
2025-06-06,54648.9,2090.61,2844.4,15997.98,20970.41,27277.58,30721.85
2025-06-09,55138.92,2086.07,2845.58,15967.7,20977.09,27315.52,30919.72
2025-06-10,54873.27,2084.36,2845.27,16186.98,20939.94,27561.0,30990.57
2025-06-11,54445.48,2081.61,2845.02,16316.11,21008.55,27704.88,30310.63
2025-06-12,53866.98,2079.11,2846.3,16369.52,21174.14,27833.91,29640.44
2025-06-13,55242.36,2075.34,2848.69,16276.29,20989.16,28190.11,28776.7
2025-06-16,55539.29,2074.51,2848.15,16104.84,21296.6,28430.19,28750.66
2025-06-17,56273.48,2062.31,2848.23,16112.83,21015.5,28489.93,28237.73
2025-06-18,57942.32,2066.71,2849.23,16139.8,20898.4,28771.25,27513.22
2025-06-19,59634.15,2069.07,2849.47,15919.45,21248.57,28716.16,27245.07
2025-06-20,58938.35,2071.5,2848.51,15988.92,21001.73,28667.87,27052.15
2025-06-23,59184.89,2071.46,2848.48,16003.0,20910.16,29017.15,27044.13
2025-06-24,59877.05,2078.87,2849.66,15664.24,20787.22,28974.0,27063.55
2025-06-25,60009.88,2075.96,2850.14,15562.24,20389.07,29092.64,27099.35
2025-06-26,59492.99,2067.92,2851.2,15469.31,20380.39,29198.08,27369.87
2025-06-27,57375.53,2070.12,2850.72,15322.81,20464.36,29253.13,27296.36
2025-06-30,58497.48,2080.88,2851.75,15378.83,20548.17,29736.7,27546.64
2025-07-01,60058.23,2089.27,2850.61,15613.14,20458.04,29719.76,27454.98
2025-07-02,60717.87,2094.88,2852.04,15679.98,20138.08,30203.76,27348.67
2025-07-03,60741.34,2107.68,2854.01,15768.89,20032.04,29934.06,27189.32
2025-07-04,60320.87,2106.29,2853.49,15676.47,19892.88,29937.0,27195.37
2025-07-07,60472.49,2104.64,2853.71,15749.54,19942.66,29889.19,27417.0
2025-07-08,61646.45,2104.04,2853.12,15733.4,19857.84,30109.66,27634.14
2025-07-09,62163.82,2091.61,2853.94,15741.0,19930.69,29766.78,27843.41
2025-07-10,60359.81,2100.07,2854.81,15670.84,19624.86,29882.58,27959.35
2025-07-11,61760.28,2100.81,2854.34,15476.97,19732.14,30142.84,27613.89
2025-07-14,62388.31,2098.21,2854.56,15601.39,19820.07,30071.5,28508.94
2025-07-15,61512.19,2097.87,2856.26,15629.46,19646.82,29922.59,28098.98
2025-07-16,62062.91,2093.55,2857.5,15607.59,19535.62,29776.37,28155.85
2025-07-17,62286.47,2094.49,2858.41,15850.22,19487.91,29921.89,29147.84
2025-07-18,62507.67,2092.45,2860.14,15728.9,19665.12,29521.59,29459.64
2025-07-21,61684.57,2090.65,2862.51,15819.12,19621.67,29197.94,29245.2
2025-07-22,61505.58,2086.65,2863.37,16095.0,19679.59,29234.5,29670.86
2025-07-23,60189.81,2087.47,2864.38,16157.99,19683.16,29400.68,29755.46
2025-07-24,61264.97,2085.44,2864.87,16012.83,19834.61,29487.34,29500.02
2025-07-25,60584.88,2093.2,2865.76,16149.34,19866.08,29659.41,29591.85
2025-07-28,61578.47,2096.64,2865.86,16085.02,19669.27,29401.97,29489.1
2025-07-29,62149.46,2090.34,2865.08,16011.91,19631.76,28967.05,29436.08
2025-07-30,61853.45,2094.17,2866.54,15901.57,19798.35,29208.54,29468.96
2025-07-31,61258.84,2096.58,2867.91,16122.72,19856.06,28898.71,29722.51
2025-08-01,61480.78,2097.55,2868.71,16076.99,19663.19,29045.22,30047.02
2025-08-04,62456.79,2097.32,2869.57,15963.92,19956.72,28595.25,29818.84
2025-08-05,63209.53,2104.15,2869.68,16135.43,19863.21,28781.28,29959.88
2025-08-06,63752.17,2098.89,2871.51,15934.59,20020.43,28795.69,29888.06
2025-08-07,63653.66,2099.13,2871.15,15950.57,20259.68,29076.24,30168.35
2025-08-08,64423.76,2090.88,2873.16,15869.54,20442.73,29295.23,29839.93
2025-08-11,63106.13,2094.29,2874.43,15956.12,20302.52,29221.28,29851.86
2025-08-12,63367.05,2094.55,2875.44,15908.46,20492.23,29095.57,29257.7
2025-08-13,63420.05,2089.98,2876.5,15733.14,20540.34,29191.85,29511.01
2025-08-14,62398.27,2091.55,2878.16,15759.18,20327.49,29078.0,30139.19
2025-08-15,62141.03,2099.35,2878.39,15707.52,20321.95,28264.29,30691.92
2025-08-18,63661.07,2100.54,2879.85,15823.73,20165.11,28208.95,31004.49
2025-08-19,64212.71,2092.82,2880.23,15839.96,20238.79,28010.11,31227.06
2025-08-20,65100.35,2093.32,2881.4,16127.87,20379.02,27892.58,31987.55
2025-08-21,64745.56,2095.47,2880.71,16062.16,20577.01,27980.22,31806.46
2025-08-22,63301.11,2092.41,2880.84,16224.87,20573.44,28302.75,31735.38
2025-08-25,64677.98,2104.75,2883.18,16186.11,20428.68,28780.02,32268.28
2025-08-26,64070.33,2097.68,2885.13,16177.77,20237.5,28919.48,32237.8
2025-08-27,63823.75,2084.87,2887.37,16286.02,20359.35,28782.96,31921.64
2025-08-28,62686.62,2080.55,2889.16,16168.6,20531.62,29045.06,31396.03
2025-08-29,63953.73,2070.95,2889.33,16334.53,20633.24,28675.37,31118.29
2025-09-01,64293.37,2076.48,2889.61,16435.26,20498.69,28515.93,31765.03
2025-09-02,64221.84,2082.63,2891.25,16549.98,20400.89,28472.92,31747.98
2025-09-03,64816.36,2074.79,2892.98,16685.24,20314.81,28007.99,31495.39
2025-09-04,64530.86,2069.7,2894.99,16772.48,20075.62,28083.53,31483.81
2025-09-05,64038.05,2063.96,2895.92,16874.21,20167.91,27895.02,31620.21
2025-09-08,63043.37,2064.44,2896.6,17065.23,20153.66,27969.82,30980.47
2025-09-09,61954.08,2067.47,2898.44,17074.14,20400.72,27918.76,30688.66
2025-09-10,62925.38,2075.87,2897.8,17057.3,20248.26,27726.67,30194.5
2025-09-11,64086.53,2078.69,2898.39,17133.18,20233.43,27497.61,30719.14
2025-09-12,62642.8,2077.52,2898.9,17155.4,20037.29,27500.06,30697.57
2025-09-15,62643.08,2076.11,2899.42,17295.56,19984.15,27690.7,30656.11
2025-09-16,62779.6,2077.22,2901.38,17570.14,20123.23,27875.06,30612.92
2025-09-17,62261.02,2078.64,2902.7,17442.88,20141.99,27961.73,30245.84
2025-09-18,61605.69,2078.59,2903.56,17465.23,19992.62,28117.79,30443.35
2025-09-19,61736.39,2079.69,2902.91,17322.06,19758.05,28150.75,31103.25
2025-09-22,61186.87,2080.16,2902.62,17300.46,19713.28,28002.35,30905.79
2025-09-23,61257.8,2073.16,2904.11,17287.65,19755.9,28365.97,31238.47
2025-09-24,60390.72,2074.52,2905.09,17240.75,19898.51,28217.1,31218.75
2025-09-25,59946.92,2070.55,2906.97,17377.23,19786.63,28626.77,30969.29
2025-09-26,59760.2,2072.22,2907.07,17436.66,19671.28,28802.72,31308.76
2025-09-29,59526.72,2075.37,2907.86,17359.5,20025.86,28753.36,30758.05
2025-09-30,60522.99,2082.13,2908.45,17497.18,20031.45,28444.08,30285.16
2025-10-01,60104.5,2082.55,2910.01,17489.17,20198.11,28543.42,30917.91
2025-10-02,60938.43,2079.8,2912.65,17421.42,19999.37,28546.17,30796.43
2025-10-03,58518.22,2084.82,2912.89,17284.96,20061.7,28868.18,31235.16
2025-10-06,58561.7,2085.75,2911.77,17086.94,20192.97,28619.76,31213.34
2025-10-07,56926.72,2096.7,2912.97,17030.11,20212.15,28902.69,30347.31
2025-10-08,57949.49,2089.81,2914.1,17046.39,19935.59,29296.19,30601.69
2025-10-09,59641.19,2087.36,2913.19,17184.56,19797.34,29125.95,30749.15
2025-10-10,59653.95,2084.21,2913.03,16907.35,19866.46,29331.25,30508.98
2025-10-13,61138.75,2094.51,2913.38,17175.59,19617.49,29711.93,30910.17
2025-10-14,60510.43,2097.51,2915.18,17075.83,20038.2,30086.24,31259.55
2025-10-15,61383.81,2088.24,2914.99,17030.12,20235.74,30382.49,31012.76
2025-10-16,62151.96,2079.42,2915.5,16989.54,19997.05,30862.74,31415.78
2025-10-17,62064.36,2084.52,2914.44,16909.96,20049.63,30896.85,31514.25
2025-10-20,62100.98,2079.57,2915.64,16875.87,20071.64,30900.56,31558.95
2025-10-21,62432.12,2080.19,2915.25,16850.99,20261.08,31347.36,31316.12
2025-10-22,62655.24,2079.7,2918.0,16838.03,19860.45,30717.62,31012.22
2025-10-23,62999.73,2090.69,2917.97,17066.17,19897.55,30656.38,31535.25
2025-10-24,64942.0,2090.04,2919.6,16971.86,19712.01,30452.17,31692.73
2025-10-27,66819.39,2088.42,2920.84,17236.86,19792.4,30479.11,32054.25
2025-10-28,67658.02,2091.98,2920.8,17322.25,19626.23,30607.19,31900.64
2025-10-29,69674.88,2098.45,2922.57,17111.54,19856.98,30781.96,32103.83
2025-10-30,68673.97,2099.7,2921.47,17003.55,19916.8,30819.15,31997.5
2025-10-31,69511.77,2088.19,2922.2,16879.75,19634.35,30881.97,32260.83
2025-11-03,70397.44,2093.05,2923.6,16884.7,19237.47,31163.15,31771.89
2025-11-04,70046.84,2086.5,2924.13,17076.29,19325.33,31022.5,31296.59
2025-11-05,72223.38,2079.03,2923.83,17198.7,19224.82,30944.33,30926.29
2025-11-06,73913.59,2077.05,2926.04,17064.14,19324.55,30711.38,30941.68
2025-11-07,74517.79,2078.3,2926.68,17242.99,19229.58,30723.73,30192.05
2025-11-10,73842.5,2086.55,2926.92,17104.47,19429.29,30303.1,30369.47
2025-11-11,72338.85,2076.46,2926.66,16988.07,19599.87,30668.24,30600.75
2025-11-12,71361.43,2077.86,2927.5,17142.78,19678.69,30900.17,30019.5
2025-11-13,73052.97,2086.21,2928.06,17295.92,19543.62,30649.55,29900.49
2025-11-14,72829.17,2086.27,2928.55,17420.04,19459.3,31001.26,30556.05
2025-11-17,74055.29,2090.92,2930.83,17431.2,19427.32,30944.57,30423.58
2025-11-18,74484.52,2095.14,2933.09,17428.81,19270.2,30769.7,30097.03
2025-11-19,72475.31,2092.74,2934.08,17270.71,19384.09,30887.19,29988.21
2025-11-20,72265.47,2096.54,2935.47,17277.18,19341.65,30456.38,30408.66
2025-11-21,71363.39,2097.76,2934.85,17190.35,19322.07,30379.16,30034.14
2025-11-24,72243.38,2096.68,2935.69,17173.44,19249.08,30494.98,30242.04
2025-11-25,73190.26,2105.73,2936.7,17507.58,19255.41,30994.15,30406.8
2025-11-26,73055.37,2105.41,2937.26,17562.38,19292.28,30664.05,30422.44
2025-11-27,74685.48,2114.04,2937.61,17411.94,19215.07,30358.88,30311.71
2025-11-28,75868.06,2112.82,2937.64,17598.5,19187.01,30310.29,30651.57
2025-12-01,75473.32,2112.75,2938.43,17801.56,19123.08,30239.55,30277.25
2025-12-02,76100.64,2112.11,2940.25,18020.5,19059.76,30465.1,30435.44
2025-12-03,75323.76,2118.31,2942.22,17958.85,19072.05,30892.98,29923.96
2025-12-04,75027.45,2114.31,2942.98,17951.03,18685.61,31190.19,30272.29
2025-12-05,75717.9,2117.37,2944.73,17774.98,18910.47,31085.07,30552.69
2025-12-08,75833.69,2120.09,2944.62,18011.98,19038.06,31501.78,30427.87
2025-12-09,74412.42,2122.84,2945.9,18038.89,19072.17,31496.69,30366.77
2025-12-10,74896.54,2134.44,2946.56,17846.08,19212.55,31657.41,30551.15
2025-12-11,74619.95,2133.9,2946.69,18098.03,19009.32,31791.03,30104.14
2025-12-12,73853.06,2149.26,2949.45,18006.31,18748.29,31933.17,30021.57
2025-12-15,72792.85,2155.96,2949.77,17956.77,18469.26,32196.83,30039.92
2025-12-16,72650.05,2148.72,2950.19,17812.0,18543.66,32443.13,29483.0
2025-12-17,72959.31,2143.18,2950.53,17645.21,18573.96,32668.27,29803.55
2025-12-18,72778.14,2149.35,2951.61,17710.03,18637.62,32534.25,30534.29
2025-12-19,73139.87,2145.93,2953.62,17617.69,18789.93,32302.55,31398.29
2025-12-22,72927.04,2147.88,2953.31,17407.32,18436.93,32532.07,30730.64
2025-12-23,73579.58,2144.74,2954.52,17557.52,18265.14,32645.1,31157.45
2025-12-24,73482.28,2142.85,2955.61,17638.41,18176.35,32916.02,30954.95
2025-12-25,71886.73,2142.09,2954.87,17907.08,18284.4,32798.95,30935.73
2025-12-26,70752.27,2148.03,2956.89,17861.01,18315.42,33031.2,30612.61
2025-12-29,70288.68,2147.42,2957.9,17875.38,18723.63,32959.96,30843.73
2025-12-30,71578.16,2155.78,2959.34,17914.9,18565.61,32870.98,29999.82
2025-12-31,70687.19,2151.1,2958.17,17943.93,18654.07,33230.1,29613.27
2026-01-01,71124.08,2156.03,2960.3,17989.44,18808.75,33571.28,28882.82
2026-01-02,71577.2,2157.8,2962.98,17950.77,19044.78,33653.42,28712.3
2026-01-05,70430.49,2151.71,2963.61,17696.2,19021.88,33568.07,28628.65
2026-01-06,70217.76,2149.13,2963.7,17746.43,18829.06,33560.81,28140.18
2026-01-07,70418.66,2149.11,2962.18,17838.7,18939.51,33621.87,28325.04
2026-01-08,70196.48,2156.45,2961.73,17798.1,18993.86,33524.45,28482.63
2026-01-09,70800.69,2156.38,2963.27,18172.83,19092.69,33637.11,28781.91
2026-01-12,71372.41,2168.27,2964.01,18110.58,19314.22,33504.72,29263.11
2026-01-13,71633.28,2167.14,2963.36,18026.64,19285.86,33984.43,29193.46
2026-01-14,72601.95,2168.3,2965.55,18100.89,19131.63,33412.5,29285.83
2026-01-15,72650.1,2176.16,2965.69,18144.4,19229.77,33243.44,28966.56
2026-01-16,72816.28,2169.88,2965.07,17920.55,19287.53,33488.11,29007.09
2026-01-19,73154.3,2177.09,2965.88,18046.45,19246.63,33974.62,29062.67
2026-01-20,72100.73,2174.14,2967.12,17987.7,19097.0,33813.26,29588.43
2026-01-21,72734.74,2173.49,2966.63,18179.71,19159.69,33762.06,29787.74
2026-01-22,72170.7,2175.48,2967.12,18248.01,19303.74,33916.67,29995.08
2026-01-23,72009.36,2171.68,2969.32,18221.6,19062.89,34083.98,29911.47
2026-01-26,72608.98,2186.92,2968.82,18421.61,19078.82,34142.45,28842.18
2026-01-27,73112.16,2188.77,2969.91,18347.73,19180.35,34396.06,28868.27
2026-01-28,71737.63,2190.16,2970.38,18156.81,19474.49,34503.72,28730.88
2026-01-29,70397.83,2187.53,2971.65,17963.84,19494.43,34617.89,28389.01
2026-01-30,69482.28,2180.77,2971.44,18008.15,19753.64,35118.14,28646.64
2026-02-02,69726.09,2187.65,2972.42,18287.32,19899.21,35084.87,28987.51
2026-02-03,71050.88,2186.78,2972.3,18274.68,20049.2,35028.32,28676.71
2026-02-04,70628.63,2189.23,2971.19,18397.52,19926.84,34952.53,28707.29
2026-02-05,69762.84,2184.47,2970.64,18453.28,20344.88,34789.12,28690.44
2026-02-06,68911.97,2189.58,2971.2,18399.73,20364.99,34771.71,29080.87
2026-02-09,69380.27,2188.47,2972.18,18160.3,20408.68,34601.37,29244.0
2026-02-10,70472.14,2180.0,2974.08,18193.73,20421.69,34760.46,29500.03
2026-02-11,71524.24,2179.03,2975.19,18322.7,20639.95,34924.42,29395.55
2026-02-12,70908.98,2183.94,2977.42,18399.89,20983.66,35017.03,29552.37
2026-02-13,69482.99,2187.8,2978.0,18357.52,21107.37,35158.47,29865.06
2026-02-16,69613.38,2190.54,2979.28,18286.91,21051.16,35429.45,30679.14
2026-02-17,71108.54,2190.98,2979.13,18200.9,21356.16,35128.61,30510.85
2026-02-18,71586.54,2191.81,2980.19,18111.6,21146.71,35231.41,30404.11
2026-02-19,70302.44,2189.37,2980.61,18126.9,21036.59,35752.53,30169.65
2026-02-20,70287.18,2196.42,2980.93,18112.29,20808.75,35603.65,30036.14
2026-02-23,69360.06,2196.76,2981.76,18196.12,20756.19,36418.15,30529.92
2026-02-24,69727.68,2194.48,2981.2,18060.73,20937.54,36339.84,30263.53
2026-02-25,69735.98,2205.04,2982.28,18065.44,20909.28,36438.27,30416.85
2026-02-26,69522.59,2212.56,2983.71,18068.86,20929.33,36551.17,30782.5
2026-02-27,68966.76,2213.73,2983.82,18002.35,21001.87,36111.37,31223.71
2026-03-02,69424.7,2212.41,2984.76,18056.33,20972.58,35876.16,31763.06
2026-03-03,70633.48,2211.25,2986.71,17933.37,20791.56,36104.36,31953.29
2026-03-04,72287.04,2206.52,2988.19,18118.0,20521.62,36049.18,32109.07
2026-03-05,72754.29,2212.46,2988.83,18189.69,20752.23,35792.23,31923.09
2026-03-06,74099.67,2223.37,2989.98,18279.69,20654.41,36196.72,31238.0
2026-03-09,73120.68,2227.22,2992.15,18277.65,20548.58,36314.15,31047.48
2026-03-10,72833.76,2236.58,2993.17,18237.19,20308.33,36287.63,31123.31
2026-03-11,71924.06,2242.08,2994.83,18138.31,20295.16,37045.24,31503.08
2026-03-12,71489.87,2234.43,2996.35,18023.65,20395.24,36739.01,32064.32
2026-03-13,70531.17,2243.33,2997.22,17807.85,20344.18,36424.66,32087.05
2026-03-16,72192.84,2242.7,2999.21,17829.89,20412.45,36315.8,32519.41
2026-03-17,71872.15,2244.58,2999.03,17940.74,20094.33,36424.03,32601.9
2026-03-18,71782.69,2240.08,3000.2,17770.6,20131.99,36588.4,32699.66
2026-03-19,70311.39,2230.84,3000.46,17972.7,20074.22,36373.23,32609.61
2026-03-20,68431.22,2227.98,3002.07,17751.17,19848.33,35947.96,32454.84
2026-03-23,70112.32,2230.15,3002.83,17884.32,19596.33,36152.24,32261.91
2026-03-24,69930.39,2231.52,3004.51,17769.37,19468.16,36030.26,32081.59
2026-03-25,72240.96,2236.64,3006.01,17935.62,19284.67,36051.39,31857.44
2026-03-26,72141.98,2238.92,3006.39,18056.63,19348.8,36097.46,32186.46
2026-03-27,70959.65,2240.42,3007.67,18461.52,19427.12,36421.99,32673.63
2026-03-30,71031.71,2237.99,3008.88,18376.27,19463.75,36276.4,32414.16
2026-03-31,71155.43,2250.08,3009.46,18051.34,19533.12,36807.25,32108.14
2026-04-01,71348.05,2261.92,3011.06,17782.44,19292.7,36778.65,32060.72
2026-04-02,71330.28,2264.09,3011.73,17760.9,19382.35,36364.63,31765.19
2026-04-03,69899.51,2256.85,3011.77,17793.29,19497.75,36061.37,31420.75
2026-04-06,68477.32,2259.59,3012.82,17697.48,19550.84,35746.47,31316.6
2026-04-07,69640.27,2253.08,3014.03,17758.78,19544.45,35535.93,31423.15
2026-04-08,71615.98,2245.8,3011.98,17897.71,19435.22,35635.3,31525.63
2026-04-09,71382.29,2252.11,3015.03,17992.09,19498.48,35971.46,31433.73
2026-04-10,69644.93,2247.91,3018.5,17994.82,19446.79,35291.81,31267.19
2026-04-13,70866.93,2245.76,3018.49,17879.1,19603.64,35589.83,31503.77
2026-04-14,70089.25,2251.61,3019.85,18009.93,19657.57,36054.78,31662.95
2026-04-15,70477.97,2254.94,3019.61,18223.56,19639.87,36731.91,31744.99
2026-04-16,70017.76,2259.57,3018.81,18142.7,19594.15,36887.15,31562.54
2026-04-17,69589.51,2270.49,3019.15,17978.08,19578.04,36331.91,32063.61
2026-04-20,68811.19,2268.09,3018.62,18157.51,19562.71,35922.39,31610.65
2026-04-21,70206.26,2270.69,3019.9,18214.04,19559.56,36224.88,31430.8
2026-04-22,70697.91,2279.95,3021.52,18267.78,19362.93,36273.42,31100.86
2026-04-23,71073.65,2275.31,3023.97,18535.61,19410.04,36091.04,31121.22
2026-04-24,71161.83,2275.2,3024.8,18274.07,19446.39,35637.61,30906.25
2026-04-27,71593.75,2280.81,3026.4,18251.07,19268.82,35319.08,30958.91
2026-04-28,70478.28,2274.39,3027.55,18316.33,19314.38,35501.26,31163.05
2026-04-29,71041.47,2276.36,3028.61,18629.93,19321.75,35669.99,31633.27
2026-04-30,72293.74,2275.36,3028.44,18631.29,19199.98,35993.84,31730.44
2026-05-01,72566.07,2270.81,3028.99,18566.52,19304.74,36434.05,31822.38
2026-05-04,73494.88,2278.36,3029.42,18608.36,19526.9,36171.78,31998.33
2026-05-05,73134.17,2284.29,3030.77,18728.99,19444.78,36486.19,31199.73
2026-05-06,73602.81,2288.02,3029.54,18921.78,19470.77,36266.94,31239.91
2026-05-07,73261.24,2292.76,3031.32,19160.18,19680.29,36245.67,30869.71
2026-05-08,71659.04,2291.11,3031.85,18871.35,19339.3,36030.83,30662.83
2026-05-11,71476.92,2292.07,3032.0,18762.08,19650.77,36295.09,30640.59
2026-05-12,72652.8,2287.98,3033.11,18904.22,19673.07,36128.67,30992.97
2026-05-13,71372.79,2293.1,3033.87,18953.65,19804.92,36354.36,30397.31
2026-05-14,73057.74,2288.53,3034.8,19030.41,19540.09,36527.04,30499.17
2026-05-15,72553.23,2286.31,3036.84,18942.22,19332.08,36914.79,30554.41
2026-05-18,73173.39,2281.08,3035.91,18988.63,19189.06,37124.71,30723.63
2026-05-19,74782.71,2282.98,3035.36,18961.65,19032.79,37761.23,31532.84
2026-05-20,76755.97,2282.14,3035.61,19044.55,18681.88,37567.22,32114.68
2026-05-21,78542.05,2285.11,3037.74,19133.14,18509.36,37851.06,32241.35
2026-05-22,77776.16,2281.95,3039.28,19193.21,18392.58,38004.83,32467.58
2026-05-25,79075.39,2278.26,3039.94,19245.64,18186.57,37772.25,32474.69
2026-05-26,78483.7,2281.42,3041.31,19228.08,18418.36,38111.96,32776.35
2026-05-27,77524.06,2281.3,3042.89,19489.24,18523.57,38418.87,32810.37
2026-05-28,76951.24,2298.35,3044.18,19677.97,18421.08,38220.66,32990.66
2026-05-29,78367.62,2302.79,3046.0,19696.29,18517.65,37680.76,32763.85
