date_id,full_date,year,quarter,month,day,month_name,year_month
1,2022-01-01,2022,1,1,1,Jan,2022-01
2,2022-01-02,2022,1,1,2,Jan,2022-01
3,2022-01-03,2022,1,1,3,Jan,2022-01
4,2022-01-04,2022,1,1,4,Jan,2022-01
5,2022-01-05,2022,1,1,5,Jan,2022-01
6,2022-01-06,2022,1,1,6,Jan,2022-01
7,2022-01-07,2022,1,1,7,Jan,2022-01
8,2022-01-08,2022,1,1,8,Jan,2022-01
9,2022-01-09,2022,1,1,9,Jan,2022-01
10,2022-01-10,2022,1,1,10,Jan,2022-01
11,2022-01-11,2022,1,1,11,Jan,2022-01
12,2022-01-12,2022,1,1,12,Jan,2022-01
13,2022-01-13,2022,1,1,13,Jan,2022-01
14,2022-01-14,2022,1,1,14,Jan,2022-01
15,2022-01-15,2022,1,1,15,Jan,2022-01
16,2022-01-16,2022,1,1,16,Jan,2022-01
17,2022-01-17,2022,1,1,17,Jan,2022-01
18,2022-01-18,2022,1,1,18,Jan,2022-01
19,2022-01-19,2022,1,1,19,Jan,2022-01
20,2022-01-20,2022,1,1,20,Jan,2022-01
21,2022-01-21,2022,1,1,21,Jan,2022-01
22,2022-01-22,2022,1,1,22,Jan,2022-01
23,2022-01-23,2022,1,1,23,Jan,2022-01
24,2022-01-24,2022,1,1,24,Jan,2022-01
25,2022-01-25,2022,1,1,25,Jan,2022-01
26,2022-01-26,2022,1,1,26,Jan,2022-01
27,2022-01-27,2022,1,1,27,Jan,2022-01
28,2022-01-28,2022,1,1,28,Jan,2022-01
29,2022-01-29,2022,1,1,29,Jan,2022-01
30,2022-01-30,2022,1,1,30,Jan,2022-01
31,2022-01-31,2022,1,1,31,Jan,2022-01
32,2022-02-01,2022,1,2,1,Feb,2022-02
33,2022-02-02,2022,1,2,2,Feb,2022-02
34,2022-02-03,2022,1,2,3,Feb,2022-02
35,2022-02-04,2022,1,2,4,Feb,2022-02
36,2022-02-05,2022,1,2,5,Feb,2022-02
37,2022-02-06,2022,1,2,6,Feb,2022-02
38,2022-02-07,2022,1,2,7,Feb,2022-02
39,2022-02-08,2022,1,2,8,Feb,2022-02
40,2022-02-09,2022,1,2,9,Feb,2022-02
41,2022-02-10,2022,1,2,10,Feb,2022-02
42,2022-02-11,2022,1,2,11,Feb,2022-02
43,2022-02-12,2022,1,2,12,Feb,2022-02
44,2022-02-13,2022,1,2,13,Feb,2022-02
45,2022-02-14,2022,1,2,14,Feb,2022-02
46,2022-02-15,2022,1,2,15,Feb,2022-02
47,2022-02-16,2022,1,2,16,Feb,2022-02
48,2022-02-17,2022,1,2,17,Feb,2022-02
49,2022-02-18,2022,1,2,18,Feb,2022-02
50,2022-02-19,2022,1,2,19,Feb,2022-02
51,2022-02-20,2022,1,2,20,Feb,2022-02
52,2022-02-21,2022,1,2,21,Feb,2022-02
53,2022-02-22,2022,1,2,22,Feb,2022-02
54,2022-02-23,2022,1,2,23,Feb,2022-02
55,2022-02-24,2022,1,2,24,Feb,2022-02
56,2022-02-25,2022,1,2,25,Feb,2022-02
57,2022-02-26,2022,1,2,26,Feb,2022-02
58,2022-02-27,2022,1,2,27,Feb,2022-02
59,2022-02-28,2022,1,2,28,Feb,2022-02
60,2022-03-01,2022,1,3,1,Mar,2022-03
61,2022-03-02,2022,1,3,2,Mar,2022-03
62,2022-03-03,2022,1,3,3,Mar,2022-03
63,2022-03-04,2022,1,3,4,Mar,2022-03
64,2022-03-05,2022,1,3,5,Mar,2022-03
65,2022-03-06,2022,1,3,6,Mar,2022-03
66,2022-03-07,2022,1,3,7,Mar,2022-03
67,2022-03-08,2022,1,3,8,Mar,2022-03
68,2022-03-09,2022,1,3,9,Mar,2022-03
69,2022-03-10,2022,1,3,10,Mar,2022-03
70,2022-03-11,2022,1,3,11,Mar,2022-03
71,2022-03-12,2022,1,3,12,Mar,2022-03
72,2022-03-13,2022,1,3,13,Mar,2022-03
73,2022-03-14,2022,1,3,14,Mar,2022-03
74,2022-03-15,2022,1,3,15,Mar,2022-03
75,2022-03-16,2022,1,3,16,Mar,2022-03
76,2022-03-17,2022,1,3,17,Mar,2022-03
77,2022-03-18,2022,1,3,18,Mar,2022-03
78,2022-03-19,2022,1,3,19,Mar,2022-03
79,2022-03-20,2022,1,3,20,Mar,2022-03
80,2022-03-21,2022,1,3,21,Mar,2022-03
81,2022-03-22,2022,1,3,22,Mar,2022-03
82,2022-03-23,2022,1,3,23,Mar,2022-03
83,2022-03-24,2022,1,3,24,Mar,2022-03
84,2022-03-25,2022,1,3,25,Mar,2022-03
85,2022-03-26,2022,1,3,26,Mar,2022-03
86,2022-03-27,2022,1,3,27,Mar,2022-03
87,2022-03-28,2022,1,3,28,Mar,2022-03
88,2022-03-29,2022,1,3,29,Mar,2022-03
89,2022-03-30,2022,1,3,30,Mar,2022-03
90,2022-03-31,2022,1,3,31,Mar,2022-03
91,2022-04-01,2022,2,4,1,Apr,2022-04
92,2022-04-02,2022,2,4,2,Apr,2022-04
93,2022-04-03,2022,2,4,3,Apr,2022-04
94,2022-04-04,2022,2,4,4,Apr,2022-04
95,2022-04-05,2022,2,4,5,Apr,2022-04
96,2022-04-06,2022,2,4,6,Apr,2022-04
97,2022-04-07,2022,2,4,7,Apr,2022-04
98,2022-04-08,2022,2,4,8,Apr,2022-04
99,2022-04-09,2022,2,4,9,Apr,2022-04
100,2022-04-10,2022,2,4,10,Apr,2022-04
101,2022-04-11,2022,2,4,11,Apr,2022-04
102,2022-04-12,2022,2,4,12,Apr,2022-04
103,2022-04-13,2022,2,4,13,Apr,2022-04
104,2022-04-14,2022,2,4,14,Apr,2022-04
105,2022-04-15,2022,2,4,15,Apr,2022-04
106,2022-04-16,2022,2,4,16,Apr,2022-04
107,2022-04-17,2022,2,4,17,Apr,2022-04
108,2022-04-18,2022,2,4,18,Apr,2022-04
109,2022-04-19,2022,2,4,19,Apr,2022-04
110,2022-04-20,2022,2,4,20,Apr,2022-04
111,2022-04-21,2022,2,4,21,Apr,2022-04
112,2022-04-22,2022,2,4,22,Apr,2022-04
113,2022-04-23,2022,2,4,23,Apr,2022-04
114,2022-04-24,2022,2,4,24,Apr,2022-04
115,2022-04-25,2022,2,4,25,Apr,2022-04
116,2022-04-26,2022,2,4,26,Apr,2022-04
117,2022-04-27,2022,2,4,27,Apr,2022-04
118,2022-04-28,2022,2,4,28,Apr,2022-04
119,2022-04-29,2022,2,4,29,Apr,2022-04
120,2022-04-30,2022,2,4,30,Apr,2022-04
121,2022-05-01,2022,2,5,1,May,2022-05
122,2022-05-02,2022,2,5,2,May,2022-05
123,2022-05-03,2022,2,5,3,May,2022-05
124,2022-05-04,2022,2,5,4,May,2022-05
125,2022-05-05,2022,2,5,5,May,2022-05
126,2022-05-06,2022,2,5,6,May,2022-05
127,2022-05-07,2022,2,5,7,May,2022-05
128,2022-05-08,2022,2,5,8,May,2022-05
129,2022-05-09,2022,2,5,9,May,2022-05
130,2022-05-10,2022,2,5,10,May,2022-05
131,2022-05-11,2022,2,5,11,May,2022-05
132,2022-05-12,2022,2,5,12,May,2022-05
133,2022-05-13,2022,2,5,13,May,2022-05
134,2022-05-14,2022,2,5,14,May,2022-05
135,2022-05-15,2022,2,5,15,May,2022-05
136,2022-05-16,2022,2,5,16,May,2022-05
137,2022-05-17,2022,2,5,17,May,2022-05
138,2022-05-18,2022,2,5,18,May,2022-05
139,2022-05-19,2022,2,5,19,May,2022-05
140,2022-05-20,2022,2,5,20,May,2022-05
141,2022-05-21,2022,2,5,21,May,2022-05
142,2022-05-22,2022,2,5,22,May,2022-05
143,2022-05-23,2022,2,5,23,May,2022-05
144,2022-05-24,2022,2,5,24,May,2022-05
145,2022-05-25,2022,2,5,25,May,2022-05
146,2022-05-26,2022,2,5,26,May,2022-05
147,2022-05-27,2022,2,5,27,May,2022-05
148,2022-05-28,2022,2,5,28,May,2022-05
149,2022-05-29,2022,2,5,29,May,2022-05
150,2022-05-30,2022,2,5,30,May,2022-05
151,2022-05-31,2022,2,5,31,May,2022-05
152,2022-06-01,2022,2,6,1,Jun,2022-06
153,2022-06-02,2022,2,6,2,Jun,2022-06
154,2022-06-03,2022,2,6,3,Jun,2022-06
155,2022-06-04,2022,2,6,4,Jun,2022-06
156,2022-06-05,2022,2,6,5,Jun,2022-06
157,2022-06-06,2022,2,6,6,Jun,2022-06
158,2022-06-07,2022,2,6,7,Jun,2022-06
159,2022-06-08,2022,2,6,8,Jun,2022-06
160,2022-06-09,2022,2,6,9,Jun,2022-06
161,2022-06-10,2022,2,6,10,Jun,2022-06
162,2022-06-11,2022,2,6,11,Jun,2022-06
163,2022-06-12,2022,2,6,12,Jun,2022-06
164,2022-06-13,2022,2,6,13,Jun,2022-06
165,2022-06-14,2022,2,6,14,Jun,2022-06
166,2022-06-15,2022,2,6,15,Jun,2022-06
167,2022-06-16,2022,2,6,16,Jun,2022-06
168,2022-06-17,2022,2,6,17,Jun,2022-06
169,2022-06-18,2022,2,6,18,Jun,2022-06
170,2022-06-19,2022,2,6,19,Jun,2022-06
171,2022-06-20,2022,2,6,20,Jun,2022-06
172,2022-06-21,2022,2,6,21,Jun,2022-06
173,2022-06-22,2022,2,6,22,Jun,2022-06
174,2022-06-23,2022,2,6,23,Jun,2022-06
175,2022-06-24,2022,2,6,24,Jun,2022-06
176,2022-06-25,2022,2,6,25,Jun,2022-06
177,2022-06-26,2022,2,6,26,Jun,2022-06
178,2022-06-27,2022,2,6,27,Jun,2022-06
179,2022-06-28,2022,2,6,28,Jun,2022-06
180,2022-06-29,2022,2,6,29,Jun,2022-06
181,2022-06-30,2022,2,6,30,Jun,2022-06
182,2022-07-01,2022,3,7,1,Jul,2022-07
183,2022-07-02,2022,3,7,2,Jul,2022-07
184,2022-07-03,2022,3,7,3,Jul,2022-07
185,2022-07-04,2022,3,7,4,Jul,2022-07
186,2022-07-05,2022,3,7,5,Jul,2022-07
187,2022-07-06,2022,3,7,6,Jul,2022-07
188,2022-07-07,2022,3,7,7,Jul,2022-07
189,2022-07-08,2022,3,7,8,Jul,2022-07
190,2022-07-09,2022,3,7,9,Jul,2022-07
191,2022-07-10,2022,3,7,10,Jul,2022-07
192,2022-07-11,2022,3,7,11,Jul,2022-07
193,2022-07-12,2022,3,7,12,Jul,2022-07
194,2022-07-13,2022,3,7,13,Jul,2022-07
195,2022-07-14,2022,3,7,14,Jul,2022-07
196,2022-07-15,2022,3,7,15,Jul,2022-07
197,2022-07-16,2022,3,7,16,Jul,2022-07
198,2022-07-17,2022,3,7,17,Jul,2022-07
199,2022-07-18,2022,3,7,18,Jul,2022-07
200,2022-07-19,2022,3,7,19,Jul,2022-07
201,2022-07-20,2022,3,7,20,Jul,2022-07
202,2022-07-21,2022,3,7,21,Jul,2022-07
203,2022-07-22,2022,3,7,22,Jul,2022-07
204,2022-07-23,2022,3,7,23,Jul,2022-07
205,2022-07-24,2022,3,7,24,Jul,2022-07
206,2022-07-25,2022,3,7,25,Jul,2022-07
207,2022-07-26,2022,3,7,26,Jul,2022-07
208,2022-07-27,2022,3,7,27,Jul,2022-07
209,2022-07-28,2022,3,7,28,Jul,2022-07
210,2022-07-29,2022,3,7,29,Jul,2022-07
211,2022-07-30,2022,3,7,30,Jul,2022-07
212,2022-07-31,2022,3,7,31,Jul,2022-07
213,2022-08-01,2022,3,8,1,Aug,2022-08
214,2022-08-02,2022,3,8,2,Aug,2022-08
215,2022-08-03,2022,3,8,3,Aug,2022-08
216,2022-08-04,2022,3,8,4,Aug,2022-08
217,2022-08-05,2022,3,8,5,Aug,2022-08
218,2022-08-06,2022,3,8,6,Aug,2022-08
219,2022-08-07,2022,3,8,7,Aug,2022-08
220,2022-08-08,2022,3,8,8,Aug,2022-08
221,2022-08-09,2022,3,8,9,Aug,2022-08
222,2022-08-10,2022,3,8,10,Aug,2022-08
223,2022-08-11,2022,3,8,11,Aug,2022-08
224,2022-08-12,2022,3,8,12,Aug,2022-08
225,2022-08-13,2022,3,8,13,Aug,2022-08
226,2022-08-14,2022,3,8,14,Aug,2022-08
227,2022-08-15,2022,3,8,15,Aug,2022-08
228,2022-08-16,2022,3,8,16,Aug,2022-08
229,2022-08-17,2022,3,8,17,Aug,2022-08
230,2022-08-18,2022,3,8,18,Aug,2022-08
231,2022-08-19,2022,3,8,19,Aug,2022-08
232,2022-08-20,2022,3,8,20,Aug,2022-08
233,2022-08-21,2022,3,8,21,Aug,2022-08
234,2022-08-22,2022,3,8,22,Aug,2022-08
235,2022-08-23,2022,3,8,23,Aug,2022-08
236,2022-08-24,2022,3,8,24,Aug,2022-08
237,2022-08-25,2022,3,8,25,Aug,2022-08
238,2022-08-26,2022,3,8,26,Aug,2022-08
239,2022-08-27,2022,3,8,27,Aug,2022-08
240,2022-08-28,2022,3,8,28,Aug,2022-08
241,2022-08-29,2022,3,8,29,Aug,2022-08
242,2022-08-30,2022,3,8,30,Aug,2022-08
243,2022-08-31,2022,3,8,31,Aug,2022-08
244,2022-09-01,2022,3,9,1,Sep,2022-09
245,2022-09-02,2022,3,9,2,Sep,2022-09
246,2022-09-03,2022,3,9,3,Sep,2022-09
247,2022-09-04,2022,3,9,4,Sep,2022-09
248,2022-09-05,2022,3,9,5,Sep,2022-09
249,2022-09-06,2022,3,9,6,Sep,2022-09
250,2022-09-07,2022,3,9,7,Sep,2022-09
251,2022-09-08,2022,3,9,8,Sep,2022-09
252,2022-09-09,2022,3,9,9,Sep,2022-09
253,2022-09-10,2022,3,9,10,Sep,2022-09
254,2022-09-11,2022,3,9,11,Sep,2022-09
255,2022-09-12,2022,3,9,12,Sep,2022-09
256,2022-09-13,2022,3,9,13,Sep,2022-09
257,2022-09-14,2022,3,9,14,Sep,2022-09
258,2022-09-15,2022,3,9,15,Sep,2022-09
259,2022-09-16,2022,3,9,16,Sep,2022-09
260,2022-09-17,2022,3,9,17,Sep,2022-09
261,2022-09-18,2022,3,9,18,Sep,2022-09
262,2022-09-19,2022,3,9,19,Sep,2022-09
263,2022-09-20,2022,3,9,20,Sep,2022-09
264,2022-09-21,2022,3,9,21,Sep,2022-09
265,2022-09-22,2022,3,9,22,Sep,2022-09
266,2022-09-23,2022,3,9,23,Sep,2022-09
267,2022-09-24,2022,3,9,24,Sep,2022-09
268,2022-09-25,2022,3,9,25,Sep,2022-09
269,2022-09-26,2022,3,9,26,Sep,2022-09
270,2022-09-27,2022,3,9,27,Sep,2022-09
271,2022-09-28,2022,3,9,28,Sep,2022-09
272,2022-09-29,2022,3,9,29,Sep,2022-09
273,2022-09-30,2022,3,9,30,Sep,2022-09
274,2022-10-01,2022,4,10,1,Oct,2022-10
275,2022-10-02,2022,4,10,2,Oct,2022-10
276,2022-10-03,2022,4,10,3,Oct,2022-10
277,2022-10-04,2022,4,10,4,Oct,2022-10
278,2022-10-05,2022,4,10,5,Oct,2022-10
279,2022-10-06,2022,4,10,6,Oct,2022-10
280,2022-10-07,2022,4,10,7,Oct,2022-10
281,2022-10-08,2022,4,10,8,Oct,2022-10
282,2022-10-09,2022,4,10,9,Oct,2022-10
283,2022-10-10,2022,4,10,10,Oct,2022-10
284,2022-10-11,2022,4,10,11,Oct,2022-10
285,2022-10-12,2022,4,10,12,Oct,2022-10
286,2022-10-13,2022,4,10,13,Oct,2022-10
287,2022-10-14,2022,4,10,14,Oct,2022-10
288,2022-10-15,2022,4,10,15,Oct,2022-10
289,2022-10-16,2022,4,10,16,Oct,2022-10
290,2022-10-17,2022,4,10,17,Oct,2022-10
291,2022-10-18,2022,4,10,18,Oct,2022-10
292,2022-10-19,2022,4,10,19,Oct,2022-10
293,2022-10-20,2022,4,10,20,Oct,2022-10
294,2022-10-21,2022,4,10,21,Oct,2022-10
295,2022-10-22,2022,4,10,22,Oct,2022-10
296,2022-10-23,2022,4,10,23,Oct,2022-10
297,2022-10-24,2022,4,10,24,Oct,2022-10
298,2022-10-25,2022,4,10,25,Oct,2022-10
299,2022-10-26,2022,4,10,26,Oct,2022-10
300,2022-10-27,2022,4,10,27,Oct,2022-10
301,2022-10-28,2022,4,10,28,Oct,2022-10
302,2022-10-29,2022,4,10,29,Oct,2022-10
303,2022-10-30,2022,4,10,30,Oct,2022-10
304,2022-10-31,2022,4,10,31,Oct,2022-10
305,2022-11-01,2022,4,11,1,Nov,2022-11
306,2022-11-02,2022,4,11,2,Nov,2022-11
307,2022-11-03,2022,4,11,3,Nov,2022-11
308,2022-11-04,2022,4,11,4,Nov,2022-11
309,2022-11-05,2022,4,11,5,Nov,2022-11
310,2022-11-06,2022,4,11,6,Nov,2022-11
311,2022-11-07,2022,4,11,7,Nov,2022-11
312,2022-11-08,2022,4,11,8,Nov,2022-11
313,2022-11-09,2022,4,11,9,Nov,2022-11
314,2022-11-10,2022,4,11,10,Nov,2022-11
315,2022-11-11,2022,4,11,11,Nov,2022-11
316,2022-11-12,2022,4,11,12,Nov,2022-11
317,2022-11-13,2022,4,11,13,Nov,2022-11
318,2022-11-14,2022,4,11,14,Nov,2022-11
319,2022-11-15,2022,4,11,15,Nov,2022-11
320,2022-11-16,2022,4,11,16,Nov,2022-11
321,2022-11-17,2022,4,11,17,Nov,2022-11
322,2022-11-18,2022,4,11,18,Nov,2022-11
323,2022-11-19,2022,4,11,19,Nov,2022-11
324,2022-11-20,2022,4,11,20,Nov,2022-11
325,2022-11-21,2022,4,11,21,Nov,2022-11
326,2022-11-22,2022,4,11,22,Nov,2022-11
327,2022-11-23,2022,4,11,23,Nov,2022-11
328,2022-11-24,2022,4,11,24,Nov,2022-11
329,2022-11-25,2022,4,11,25,Nov,2022-11
330,2022-11-26,2022,4,11,26,Nov,2022-11
331,2022-11-27,2022,4,11,27,Nov,2022-11
332,2022-11-28,2022,4,11,28,Nov,2022-11
333,2022-11-29,2022,4,11,29,Nov,2022-11
334,2022-11-30,2022,4,11,30,Nov,2022-11
335,2022-12-01,2022,4,12,1,Dec,2022-12
336,2022-12-02,2022,4,12,2,Dec,2022-12
337,2022-12-03,2022,4,12,3,Dec,2022-12
338,2022-12-04,2022,4,12,4,Dec,2022-12
339,2022-12-05,2022,4,12,5,Dec,2022-12
340,2022-12-06,2022,4,12,6,Dec,2022-12
341,2022-12-07,2022,4,12,7,Dec,2022-12
342,2022-12-08,2022,4,12,8,Dec,2022-12
343,2022-12-09,2022,4,12,9,Dec,2022-12
344,2022-12-10,2022,4,12,10,Dec,2022-12
345,2022-12-11,2022,4,12,11,Dec,2022-12
346,2022-12-12,2022,4,12,12,Dec,2022-12
347,2022-12-13,2022,4,12,13,Dec,2022-12
348,2022-12-14,2022,4,12,14,Dec,2022-12
349,2022-12-15,2022,4,12,15,Dec,2022-12
350,2022-12-16,2022,4,12,16,Dec,2022-12
351,2022-12-17,2022,4,12,17,Dec,2022-12
352,2022-12-18,2022,4,12,18,Dec,2022-12
353,2022-12-19,2022,4,12,19,Dec,2022-12
354,2022-12-20,2022,4,12,20,Dec,2022-12
355,2022-12-21,2022,4,12,21,Dec,2022-12
356,2022-12-22,2022,4,12,22,Dec,2022-12
357,2022-12-23,2022,4,12,23,Dec,2022-12
358,2022-12-24,2022,4,12,24,Dec,2022-12
359,2022-12-25,2022,4,12,25,Dec,2022-12
360,2022-12-26,2022,4,12,26,Dec,2022-12
361,2022-12-27,2022,4,12,27,Dec,2022-12
362,2022-12-28,2022,4,12,28,Dec,2022-12
363,2022-12-29,2022,4,12,29,Dec,2022-12
364,2022-12-30,2022,4,12,30,Dec,2022-12
365,2022-12-31,2022,4,12,31,Dec,2022-12
366,2023-01-01,2023,1,1,1,Jan,2023-01
367,2023-01-02,2023,1,1,2,Jan,2023-01
368,2023-01-03,2023,1,1,3,Jan,2023-01
369,2023-01-04,2023,1,1,4,Jan,2023-01
370,2023-01-05,2023,1,1,5,Jan,2023-01
371,2023-01-06,2023,1,1,6,Jan,2023-01
372,2023-01-07,2023,1,1,7,Jan,2023-01
373,2023-01-08,2023,1,1,8,Jan,2023-01
374,2023-01-09,2023,1,1,9,Jan,2023-01
375,2023-01-10,2023,1,1,10,Jan,2023-01
376,2023-01-11,2023,1,1,11,Jan,2023-01
377,2023-01-12,2023,1,1,12,Jan,2023-01
378,2023-01-13,2023,1,1,13,Jan,2023-01
379,2023-01-14,2023,1,1,14,Jan,2023-01
380,2023-01-15,2023,1,1,15,Jan,2023-01
381,2023-01-16,2023,1,1,16,Jan,2023-01
382,2023-01-17,2023,1,1,17,Jan,2023-01
383,2023-01-18,2023,1,1,18,Jan,2023-01
384,2023-01-19,2023,1,1,19,Jan,2023-01
385,2023-01-20,2023,1,1,20,Jan,2023-01
386,2023-01-21,2023,1,1,21,Jan,2023-01
387,2023-01-22,2023,1,1,22,Jan,2023-01
388,2023-01-23,2023,1,1,23,Jan,2023-01
389,2023-01-24,2023,1,1,24,Jan,2023-01
390,2023-01-25,2023,1,1,25,Jan,2023-01
391,2023-01-26,2023,1,1,26,Jan,2023-01
392,2023-01-27,2023,1,1,27,Jan,2023-01
393,2023-01-28,2023,1,1,28,Jan,2023-01
394,2023-01-29,2023,1,1,29,Jan,2023-01
395,2023-01-30,2023,1,1,30,Jan,2023-01
396,2023-01-31,2023,1,1,31,Jan,2023-01
397,2023-02-01,2023,1,2,1,Feb,2023-02
398,2023-02-02,2023,1,2,2,Feb,2023-02
399,2023-02-03,2023,1,2,3,Feb,2023-02
400,2023-02-04,2023,1,2,4,Feb,2023-02
401,2023-02-05,2023,1,2,5,Feb,2023-02
402,2023-02-06,2023,1,2,6,Feb,2023-02
403,2023-02-07,2023,1,2,7,Feb,2023-02
404,2023-02-08,2023,1,2,8,Feb,2023-02
405,2023-02-09,2023,1,2,9,Feb,2023-02
406,2023-02-10,2023,1,2,10,Feb,2023-02
407,2023-02-11,2023,1,2,11,Feb,2023-02
408,2023-02-12,2023,1,2,12,Feb,2023-02
409,2023-02-13,2023,1,2,13,Feb,2023-02
410,2023-02-14,2023,1,2,14,Feb,2023-02
411,2023-02-15,2023,1,2,15,Feb,2023-02
412,2023-02-16,2023,1,2,16,Feb,2023-02
413,2023-02-17,2023,1,2,17,Feb,2023-02
414,2023-02-18,2023,1,2,18,Feb,2023-02
415,2023-02-19,2023,1,2,19,Feb,2023-02
416,2023-02-20,2023,1,2,20,Feb,2023-02
417,2023-02-21,2023,1,2,21,Feb,2023-02
418,2023-02-22,2023,1,2,22,Feb,2023-02
419,2023-02-23,2023,1,2,23,Feb,2023-02
420,2023-02-24,2023,1,2,24,Feb,2023-02
421,2023-02-25,2023,1,2,25,Feb,2023-02
422,2023-02-26,2023,1,2,26,Feb,2023-02
423,2023-02-27,2023,1,2,27,Feb,2023-02
424,2023-02-28,2023,1,2,28,Feb,2023-02
425,2023-03-01,2023,1,3,1,Mar,2023-03
426,2023-03-02,2023,1,3,2,Mar,2023-03
427,2023-03-03,2023,1,3,3,Mar,2023-03
428,2023-03-04,2023,1,3,4,Mar,2023-03
429,2023-03-05,2023,1,3,5,Mar,2023-03
430,2023-03-06,2023,1,3,6,Mar,2023-03
431,2023-03-07,2023,1,3,7,Mar,2023-03
432,2023-03-08,2023,1,3,8,Mar,2023-03
433,2023-03-09,2023,1,3,9,Mar,2023-03
434,2023-03-10,2023,1,3,10,Mar,2023-03
435,2023-03-11,2023,1,3,11,Mar,2023-03
436,2023-03-12,2023,1,3,12,Mar,2023-03
437,2023-03-13,2023,1,3,13,Mar,2023-03
438,2023-03-14,2023,1,3,14,Mar,2023-03
439,2023-03-15,2023,1,3,15,Mar,2023-03
440,2023-03-16,2023,1,3,16,Mar,2023-03
441,2023-03-17,2023,1,3,17,Mar,2023-03
442,2023-03-18,2023,1,3,18,Mar,2023-03
443,2023-03-19,2023,1,3,19,Mar,2023-03
444,2023-03-20,2023,1,3,20,Mar,2023-03
445,2023-03-21,2023,1,3,21,Mar,2023-03
446,2023-03-22,2023,1,3,22,Mar,2023-03
447,2023-03-23,2023,1,3,23,Mar,2023-03
448,2023-03-24,2023,1,3,24,Mar,2023-03
449,2023-03-25,2023,1,3,25,Mar,2023-03
450,2023-03-26,2023,1,3,26,Mar,2023-03
451,2023-03-27,2023,1,3,27,Mar,2023-03
452,2023-03-28,2023,1,3,28,Mar,2023-03
453,2023-03-29,2023,1,3,29,Mar,2023-03
454,2023-03-30,2023,1,3,30,Mar,2023-03
455,2023-03-31,2023,1,3,31,Mar,2023-03
456,2023-04-01,2023,2,4,1,Apr,2023-04
457,2023-04-02,2023,2,4,2,Apr,2023-04
458,2023-04-03,2023,2,4,3,Apr,2023-04
459,2023-04-04,2023,2,4,4,Apr,2023-04
460,2023-04-05,2023,2,4,5,Apr,2023-04
461,2023-04-06,2023,2,4,6,Apr,2023-04
462,2023-04-07,2023,2,4,7,Apr,2023-04
463,2023-04-08,2023,2,4,8,Apr,2023-04
464,2023-04-09,2023,2,4,9,Apr,2023-04
465,2023-04-10,2023,2,4,10,Apr,2023-04
466,2023-04-11,2023,2,4,11,Apr,2023-04
467,2023-04-12,2023,2,4,12,Apr,2023-04
468,2023-04-13,2023,2,4,13,Apr,2023-04
469,2023-04-14,2023,2,4,14,Apr,2023-04
470,2023-04-15,2023,2,4,15,Apr,2023-04
471,2023-04-16,2023,2,4,16,Apr,2023-04
472,2023-04-17,2023,2,4,17,Apr,2023-04
473,2023-04-18,2023,2,4,18,Apr,2023-04
474,2023-04-19,2023,2,4,19,Apr,2023-04
475,2023-04-20,2023,2,4,20,Apr,2023-04
476,2023-04-21,2023,2,4,21,Apr,2023-04
477,2023-04-22,2023,2,4,22,Apr,2023-04
478,2023-04-23,2023,2,4,23,Apr,2023-04
479,2023-04-24,2023,2,4,24,Apr,2023-04
480,2023-04-25,2023,2,4,25,Apr,2023-04
481,2023-04-26,2023,2,4,26,Apr,2023-04
482,2023-04-27,2023,2,4,27,Apr,2023-04
483,2023-04-28,2023,2,4,28,Apr,2023-04
484,2023-04-29,2023,2,4,29,Apr,2023-04
485,2023-04-30,2023,2,4,30,Apr,2023-04
486,2023-05-01,2023,2,5,1,May,2023-05
487,2023-05-02,2023,2,5,2,May,2023-05
488,2023-05-03,2023,2,5,3,May,2023-05
489,2023-05-04,2023,2,5,4,May,2023-05
490,2023-05-05,2023,2,5,5,May,2023-05
491,2023-05-06,2023,2,5,6,May,2023-05
492,2023-05-07,2023,2,5,7,May,2023-05
493,2023-05-08,2023,2,5,8,May,2023-05
494,2023-05-09,2023,2,5,9,May,2023-05
495,2023-05-10,2023,2,5,10,May,2023-05
496,2023-05-11,2023,2,5,11,May,2023-05
497,2023-05-12,2023,2,5,12,May,2023-05
498,2023-05-13,2023,2,5,13,May,2023-05
499,2023-05-14,2023,2,5,14,May,2023-05
500,2023-05-15,2023,2,5,15,May,2023-05
501,2023-05-16,2023,2,5,16,May,2023-05
502,2023-05-17,2023,2,5,17,May,2023-05
503,2023-05-18,2023,2,5,18,May,2023-05
504,2023-05-19,2023,2,5,19,May,2023-05
505,2023-05-20,2023,2,5,20,May,2023-05
506,2023-05-21,2023,2,5,21,May,2023-05
507,2023-05-22,2023,2,5,22,May,2023-05
508,2023-05-23,2023,2,5,23,May,2023-05
509,2023-05-24,2023,2,5,24,May,2023-05
510,2023-05-25,2023,2,5,25,May,2023-05
511,2023-05-26,2023,2,5,26,May,2023-05
512,2023-05-27,2023,2,5,27,May,2023-05
513,2023-05-28,2023,2,5,28,May,2023-05
514,2023-05-29,2023,2,5,29,May,2023-05
515,2023-05-30,2023,2,5,30,May,2023-05
516,2023-05-31,2023,2,5,31,May,2023-05
517,2023-06-01,2023,2,6,1,Jun,2023-06
518,2023-06-02,2023,2,6,2,Jun,2023-06
519,2023-06-03,2023,2,6,3,Jun,2023-06
520,2023-06-04,2023,2,6,4,Jun,2023-06
521,2023-06-05,2023,2,6,5,Jun,2023-06
522,2023-06-06,2023,2,6,6,Jun,2023-06
523,2023-06-07,2023,2,6,7,Jun,2023-06
524,2023-06-08,2023,2,6,8,Jun,2023-06
525,2023-06-09,2023,2,6,9,Jun,2023-06
526,2023-06-10,2023,2,6,10,Jun,2023-06
527,2023-06-11,2023,2,6,11,Jun,2023-06
528,2023-06-12,2023,2,6,12,Jun,2023-06
529,2023-06-13,2023,2,6,13,Jun,2023-06
530,2023-06-14,2023,2,6,14,Jun,2023-06
531,2023-06-15,2023,2,6,15,Jun,2023-06
532,2023-06-16,2023,2,6,16,Jun,2023-06
533,2023-06-17,2023,2,6,17,Jun,2023-06
534,2023-06-18,2023,2,6,18,Jun,2023-06
535,2023-06-19,2023,2,6,19,Jun,2023-06
536,2023-06-20,2023,2,6,20,Jun,2023-06
537,2023-06-21,2023,2,6,21,Jun,2023-06
538,2023-06-22,2023,2,6,22,Jun,2023-06
539,2023-06-23,2023,2,6,23,Jun,2023-06
540,2023-06-24,2023,2,6,24,Jun,2023-06
541,2023-06-25,2023,2,6,25,Jun,2023-06
542,2023-06-26,2023,2,6,26,Jun,2023-06
543,2023-06-27,2023,2,6,27,Jun,2023-06
544,2023-06-28,2023,2,6,28,Jun,2023-06
545,2023-06-29,2023,2,6,29,Jun,2023-06
546,2023-06-30,2023,2,6,30,Jun,2023-06
547,2023-07-01,2023,3,7,1,Jul,2023-07
548,2023-07-02,2023,3,7,2,Jul,2023-07
549,2023-07-03,2023,3,7,3,Jul,2023-07
550,2023-07-04,2023,3,7,4,Jul,2023-07
551,2023-07-05,2023,3,7,5,Jul,2023-07
552,2023-07-06,2023,3,7,6,Jul,2023-07
553,2023-07-07,2023,3,7,7,Jul,2023-07
554,2023-07-08,2023,3,7,8,Jul,2023-07
555,2023-07-09,2023,3,7,9,Jul,2023-07
556,2023-07-10,2023,3,7,10,Jul,2023-07
557,2023-07-11,2023,3,7,11,Jul,2023-07
558,2023-07-12,2023,3,7,12,Jul,2023-07
559,2023-07-13,2023,3,7,13,Jul,2023-07
560,2023-07-14,2023,3,7,14,Jul,2023-07
561,2023-07-15,2023,3,7,15,Jul,2023-07
562,2023-07-16,2023,3,7,16,Jul,2023-07
563,2023-07-17,2023,3,7,17,Jul,2023-07
564,2023-07-18,2023,3,7,18,Jul,2023-07
565,2023-07-19,2023,3,7,19,Jul,2023-07
566,2023-07-20,2023,3,7,20,Jul,2023-07
567,2023-07-21,2023,3,7,21,Jul,2023-07
568,2023-07-22,2023,3,7,22,Jul,2023-07
569,2023-07-23,2023,3,7,23,Jul,2023-07
570,2023-07-24,2023,3,7,24,Jul,2023-07
571,2023-07-25,2023,3,7,25,Jul,2023-07
572,2023-07-26,2023,3,7,26,Jul,2023-07
573,2023-07-27,2023,3,7,27,Jul,2023-07
574,2023-07-28,2023,3,7,28,Jul,2023-07
575,2023-07-29,2023,3,7,29,Jul,2023-07
576,2023-07-30,2023,3,7,30,Jul,2023-07
577,2023-07-31,2023,3,7,31,Jul,2023-07
578,2023-08-01,2023,3,8,1,Aug,2023-08
579,2023-08-02,2023,3,8,2,Aug,2023-08
580,2023-08-03,2023,3,8,3,Aug,2023-08
581,2023-08-04,2023,3,8,4,Aug,2023-08
582,2023-08-05,2023,3,8,5,Aug,2023-08
583,2023-08-06,2023,3,8,6,Aug,2023-08
584,2023-08-07,2023,3,8,7,Aug,2023-08
585,2023-08-08,2023,3,8,8,Aug,2023-08
586,2023-08-09,2023,3,8,9,Aug,2023-08
587,2023-08-10,2023,3,8,10,Aug,2023-08
588,2023-08-11,2023,3,8,11,Aug,2023-08
589,2023-08-12,2023,3,8,12,Aug,2023-08
590,2023-08-13,2023,3,8,13,Aug,2023-08
591,2023-08-14,2023,3,8,14,Aug,2023-08
592,2023-08-15,2023,3,8,15,Aug,2023-08
593,2023-08-16,2023,3,8,16,Aug,2023-08
594,2023-08-17,2023,3,8,17,Aug,2023-08
595,2023-08-18,2023,3,8,18,Aug,2023-08
596,2023-08-19,2023,3,8,19,Aug,2023-08
597,2023-08-20,2023,3,8,20,Aug,2023-08
598,2023-08-21,2023,3,8,21,Aug,2023-08
599,2023-08-22,2023,3,8,22,Aug,2023-08
600,2023-08-23,2023,3,8,23,Aug,2023-08
601,2023-08-24,2023,3,8,24,Aug,2023-08
602,2023-08-25,2023,3,8,25,Aug,2023-08
603,2023-08-26,2023,3,8,26,Aug,2023-08
604,2023-08-27,2023,3,8,27,Aug,2023-08
605,2023-08-28,2023,3,8,28,Aug,2023-08
606,2023-08-29,2023,3,8,29,Aug,2023-08
607,2023-08-30,2023,3,8,30,Aug,2023-08
608,2023-08-31,2023,3,8,31,Aug,2023-08
609,2023-09-01,2023,3,9,1,Sep,2023-09
610,2023-09-02,2023,3,9,2,Sep,2023-09
611,2023-09-03,2023,3,9,3,Sep,2023-09
612,2023-09-04,2023,3,9,4,Sep,2023-09
613,2023-09-05,2023,3,9,5,Sep,2023-09
614,2023-09-06,2023,3,9,6,Sep,2023-09
615,2023-09-07,2023,3,9,7,Sep,2023-09
616,2023-09-08,2023,3,9,8,Sep,2023-09
617,2023-09-09,2023,3,9,9,Sep,2023-09
618,2023-09-10,2023,3,9,10,Sep,2023-09
619,2023-09-11,2023,3,9,11,Sep,2023-09
620,2023-09-12,2023,3,9,12,Sep,2023-09
621,2023-09-13,2023,3,9,13,Sep,2023-09
622,2023-09-14,2023,3,9,14,Sep,2023-09
623,2023-09-15,2023,3,9,15,Sep,2023-09
624,2023-09-16,2023,3,9,16,Sep,2023-09
625,2023-09-17,2023,3,9,17,Sep,2023-09
626,2023-09-18,2023,3,9,18,Sep,2023-09
627,2023-09-19,2023,3,9,19,Sep,2023-09
628,2023-09-20,2023,3,9,20,Sep,2023-09
629,2023-09-21,2023,3,9,21,Sep,2023-09
630,2023-09-22,2023,3,9,22,Sep,2023-09
631,2023-09-23,2023,3,9,23,Sep,2023-09
632,2023-09-24,2023,3,9,24,Sep,2023-09
633,2023-09-25,2023,3,9,25,Sep,2023-09
634,2023-09-26,2023,3,9,26,Sep,2023-09
635,2023-09-27,2023,3,9,27,Sep,2023-09
636,2023-09-28,2023,3,9,28,Sep,2023-09
637,2023-09-29,2023,3,9,29,Sep,2023-09
638,2023-09-30,2023,3,9,30,Sep,2023-09
639,2023-10-01,2023,4,10,1,Oct,2023-10
640,2023-10-02,2023,4,10,2,Oct,2023-10
641,2023-10-03,2023,4,10,3,Oct,2023-10
642,2023-10-04,2023,4,10,4,Oct,2023-10
643,2023-10-05,2023,4,10,5,Oct,2023-10
644,2023-10-06,2023,4,10,6,Oct,2023-10
645,2023-10-07,2023,4,10,7,Oct,2023-10
646,2023-10-08,2023,4,10,8,Oct,2023-10
647,2023-10-09,2023,4,10,9,Oct,2023-10
648,2023-10-10,2023,4,10,10,Oct,2023-10
649,2023-10-11,2023,4,10,11,Oct,2023-10
650,2023-10-12,2023,4,10,12,Oct,2023-10
651,2023-10-13,2023,4,10,13,Oct,2023-10
652,2023-10-14,2023,4,10,14,Oct,2023-10
653,2023-10-15,2023,4,10,15,Oct,2023-10
654,2023-10-16,2023,4,10,16,Oct,2023-10
655,2023-10-17,2023,4,10,17,Oct,2023-10
656,2023-10-18,2023,4,10,18,Oct,2023-10
657,2023-10-19,2023,4,10,19,Oct,2023-10
658,2023-10-20,2023,4,10,20,Oct,2023-10
659,2023-10-21,2023,4,10,21,Oct,2023-10
660,2023-10-22,2023,4,10,22,Oct,2023-10
661,2023-10-23,2023,4,10,23,Oct,2023-10
662,2023-10-24,2023,4,10,24,Oct,2023-10
663,2023-10-25,2023,4,10,25,Oct,2023-10
664,2023-10-26,2023,4,10,26,Oct,2023-10
665,2023-10-27,2023,4,10,27,Oct,2023-10
666,2023-10-28,2023,4,10,28,Oct,2023-10
667,2023-10-29,2023,4,10,29,Oct,2023-10
668,2023-10-30,2023,4,10,30,Oct,2023-10
669,2023-10-31,2023,4,10,31,Oct,2023-10
670,2023-11-01,2023,4,11,1,Nov,2023-11
671,2023-11-02,2023,4,11,2,Nov,2023-11
672,2023-11-03,2023,4,11,3,Nov,2023-11
673,2023-11-04,2023,4,11,4,Nov,2023-11
674,2023-11-05,2023,4,11,5,Nov,2023-11
675,2023-11-06,2023,4,11,6,Nov,2023-11
676,2023-11-07,2023,4,11,7,Nov,2023-11
677,2023-11-08,2023,4,11,8,Nov,2023-11
678,2023-11-09,2023,4,11,9,Nov,2023-11
679,2023-11-10,2023,4,11,10,Nov,2023-11
680,2023-11-11,2023,4,11,11,Nov,2023-11
681,2023-11-12,2023,4,11,12,Nov,2023-11
682,2023-11-13,2023,4,11,13,Nov,2023-11
683,2023-11-14,2023,4,11,14,Nov,2023-11
684,2023-11-15,2023,4,11,15,Nov,2023-11
685,2023-11-16,2023,4,11,16,Nov,2023-11
686,2023-11-17,2023,4,11,17,Nov,2023-11
687,2023-11-18,2023,4,11,18,Nov,2023-11
688,2023-11-19,2023,4,11,19,Nov,2023-11
689,2023-11-20,2023,4,11,20,Nov,2023-11
690,2023-11-21,2023,4,11,21,Nov,2023-11
691,2023-11-22,2023,4,11,22,Nov,2023-11
692,2023-11-23,2023,4,11,23,Nov,2023-11
693,2023-11-24,2023,4,11,24,Nov,2023-11
694,2023-11-25,2023,4,11,25,Nov,2023-11
695,2023-11-26,2023,4,11,26,Nov,2023-11
696,2023-11-27,2023,4,11,27,Nov,2023-11
697,2023-11-28,2023,4,11,28,Nov,2023-11
698,2023-11-29,2023,4,11,29,Nov,2023-11
699,2023-11-30,2023,4,11,30,Nov,2023-11
700,2023-12-01,2023,4,12,1,Dec,2023-12
701,2023-12-02,2023,4,12,2,Dec,2023-12
702,2023-12-03,2023,4,12,3,Dec,2023-12
703,2023-12-04,2023,4,12,4,Dec,2023-12
704,2023-12-05,2023,4,12,5,Dec,2023-12
705,2023-12-06,2023,4,12,6,Dec,2023-12
706,2023-12-07,2023,4,12,7,Dec,2023-12
707,2023-12-08,2023,4,12,8,Dec,2023-12
708,2023-12-09,2023,4,12,9,Dec,2023-12
709,2023-12-10,2023,4,12,10,Dec,2023-12
710,2023-12-11,2023,4,12,11,Dec,2023-12
711,2023-12-12,2023,4,12,12,Dec,2023-12
712,2023-12-13,2023,4,12,13,Dec,2023-12
713,2023-12-14,2023,4,12,14,Dec,2023-12
714,2023-12-15,2023,4,12,15,Dec,2023-12
715,2023-12-16,2023,4,12,16,Dec,2023-12
716,2023-12-17,2023,4,12,17,Dec,2023-12
717,2023-12-18,2023,4,12,18,Dec,2023-12
718,2023-12-19,2023,4,12,19,Dec,2023-12
719,2023-12-20,2023,4,12,20,Dec,2023-12
720,2023-12-21,2023,4,12,21,Dec,2023-12
721,2023-12-22,2023,4,12,22,Dec,2023-12
722,2023-12-23,2023,4,12,23,Dec,2023-12
723,2023-12-24,2023,4,12,24,Dec,2023-12
724,2023-12-25,2023,4,12,25,Dec,2023-12
725,2023-12-26,2023,4,12,26,Dec,2023-12
726,2023-12-27,2023,4,12,27,Dec,2023-12
727,2023-12-28,2023,4,12,28,Dec,2023-12
728,2023-12-29,2023,4,12,29,Dec,2023-12
729,2023-12-30,2023,4,12,30,Dec,2023-12
730,2023-12-31,2023,4,12,31,Dec,2023-12
731,2024-01-01,2024,1,1,1,Jan,2024-01
732,2024-01-02,2024,1,1,2,Jan,2024-01
733,2024-01-03,2024,1,1,3,Jan,2024-01
734,2024-01-04,2024,1,1,4,Jan,2024-01
735,2024-01-05,2024,1,1,5,Jan,2024-01
736,2024-01-06,2024,1,1,6,Jan,2024-01
737,2024-01-07,2024,1,1,7,Jan,2024-01
738,2024-01-08,2024,1,1,8,Jan,2024-01
739,2024-01-09,2024,1,1,9,Jan,2024-01
740,2024-01-10,2024,1,1,10,Jan,2024-01
741,2024-01-11,2024,1,1,11,Jan,2024-01
742,2024-01-12,2024,1,1,12,Jan,2024-01
743,2024-01-13,2024,1,1,13,Jan,2024-01
744,2024-01-14,2024,1,1,14,Jan,2024-01
745,2024-01-15,2024,1,1,15,Jan,2024-01
746,2024-01-16,2024,1,1,16,Jan,2024-01
747,2024-01-17,2024,1,1,17,Jan,2024-01
748,2024-01-18,2024,1,1,18,Jan,2024-01
749,2024-01-19,2024,1,1,19,Jan,2024-01
750,2024-01-20,2024,1,1,20,Jan,2024-01
751,2024-01-21,2024,1,1,21,Jan,2024-01
752,2024-01-22,2024,1,1,22,Jan,2024-01
753,2024-01-23,2024,1,1,23,Jan,2024-01
754,2024-01-24,2024,1,1,24,Jan,2024-01
755,2024-01-25,2024,1,1,25,Jan,2024-01
756,2024-01-26,2024,1,1,26,Jan,2024-01
757,2024-01-27,2024,1,1,27,Jan,2024-01
758,2024-01-28,2024,1,1,28,Jan,2024-01
759,2024-01-29,2024,1,1,29,Jan,2024-01
760,2024-01-30,2024,1,1,30,Jan,2024-01
761,2024-01-31,2024,1,1,31,Jan,2024-01
762,2024-02-01,2024,1,2,1,Feb,2024-02
763,2024-02-02,2024,1,2,2,Feb,2024-02
764,2024-02-03,2024,1,2,3,Feb,2024-02
765,2024-02-04,2024,1,2,4,Feb,2024-02
766,2024-02-05,2024,1,2,5,Feb,2024-02
767,2024-02-06,2024,1,2,6,Feb,2024-02
768,2024-02-07,2024,1,2,7,Feb,2024-02
769,2024-02-08,2024,1,2,8,Feb,2024-02
770,2024-02-09,2024,1,2,9,Feb,2024-02
771,2024-02-10,2024,1,2,10,Feb,2024-02
772,2024-02-11,2024,1,2,11,Feb,2024-02
773,2024-02-12,2024,1,2,12,Feb,2024-02
774,2024-02-13,2024,1,2,13,Feb,2024-02
775,2024-02-14,2024,1,2,14,Feb,2024-02
776,2024-02-15,2024,1,2,15,Feb,2024-02
777,2024-02-16,2024,1,2,16,Feb,2024-02
778,2024-02-17,2024,1,2,17,Feb,2024-02
779,2024-02-18,2024,1,2,18,Feb,2024-02
780,2024-02-19,2024,1,2,19,Feb,2024-02
781,2024-02-20,2024,1,2,20,Feb,2024-02
782,2024-02-21,2024,1,2,21,Feb,2024-02
783,2024-02-22,2024,1,2,22,Feb,2024-02
784,2024-02-23,2024,1,2,23,Feb,2024-02
785,2024-02-24,2024,1,2,24,Feb,2024-02
786,2024-02-25,2024,1,2,25,Feb,2024-02
787,2024-02-26,2024,1,2,26,Feb,2024-02
788,2024-02-27,2024,1,2,27,Feb,2024-02
789,2024-02-28,2024,1,2,28,Feb,2024-02
790,2024-02-29,2024,1,2,29,Feb,2024-02
791,2024-03-01,2024,1,3,1,Mar,2024-03
792,2024-03-02,2024,1,3,2,Mar,2024-03
793,2024-03-03,2024,1,3,3,Mar,2024-03
794,2024-03-04,2024,1,3,4,Mar,2024-03
795,2024-03-05,2024,1,3,5,Mar,2024-03
796,2024-03-06,2024,1,3,6,Mar,2024-03
797,2024-03-07,2024,1,3,7,Mar,2024-03
798,2024-03-08,2024,1,3,8,Mar,2024-03
799,2024-03-09,2024,1,3,9,Mar,2024-03
800,2024-03-10,2024,1,3,10,Mar,2024-03
801,2024-03-11,2024,1,3,11,Mar,2024-03
802,2024-03-12,2024,1,3,12,Mar,2024-03
803,2024-03-13,2024,1,3,13,Mar,2024-03
804,2024-03-14,2024,1,3,14,Mar,2024-03
805,2024-03-15,2024,1,3,15,Mar,2024-03
806,2024-03-16,2024,1,3,16,Mar,2024-03
807,2024-03-17,2024,1,3,17,Mar,2024-03
808,2024-03-18,2024,1,3,18,Mar,2024-03
809,2024-03-19,2024,1,3,19,Mar,2024-03
810,2024-03-20,2024,1,3,20,Mar,2024-03
811,2024-03-21,2024,1,3,21,Mar,2024-03
812,2024-03-22,2024,1,3,22,Mar,2024-03
813,2024-03-23,2024,1,3,23,Mar,2024-03
814,2024-03-24,2024,1,3,24,Mar,2024-03
815,2024-03-25,2024,1,3,25,Mar,2024-03
816,2024-03-26,2024,1,3,26,Mar,2024-03
817,2024-03-27,2024,1,3,27,Mar,2024-03
818,2024-03-28,2024,1,3,28,Mar,2024-03
819,2024-03-29,2024,1,3,29,Mar,2024-03
820,2024-03-30,2024,1,3,30,Mar,2024-03
821,2024-03-31,2024,1,3,31,Mar,2024-03
822,2024-04-01,2024,2,4,1,Apr,2024-04
823,2024-04-02,2024,2,4,2,Apr,2024-04
824,2024-04-03,2024,2,4,3,Apr,2024-04
825,2024-04-04,2024,2,4,4,Apr,2024-04
826,2024-04-05,2024,2,4,5,Apr,2024-04
827,2024-04-06,2024,2,4,6,Apr,2024-04
828,2024-04-07,2024,2,4,7,Apr,2024-04
829,2024-04-08,2024,2,4,8,Apr,2024-04
830,2024-04-09,2024,2,4,9,Apr,2024-04
831,2024-04-10,2024,2,4,10,Apr,2024-04
832,2024-04-11,2024,2,4,11,Apr,2024-04
833,2024-04-12,2024,2,4,12,Apr,2024-04
834,2024-04-13,2024,2,4,13,Apr,2024-04
835,2024-04-14,2024,2,4,14,Apr,2024-04
836,2024-04-15,2024,2,4,15,Apr,2024-04
837,2024-04-16,2024,2,4,16,Apr,2024-04
838,2024-04-17,2024,2,4,17,Apr,2024-04
839,2024-04-18,2024,2,4,18,Apr,2024-04
840,2024-04-19,2024,2,4,19,Apr,2024-04
841,2024-04-20,2024,2,4,20,Apr,2024-04
842,2024-04-21,2024,2,4,21,Apr,2024-04
843,2024-04-22,2024,2,4,22,Apr,2024-04
844,2024-04-23,2024,2,4,23,Apr,2024-04
845,2024-04-24,2024,2,4,24,Apr,2024-04
846,2024-04-25,2024,2,4,25,Apr,2024-04
847,2024-04-26,2024,2,4,26,Apr,2024-04
848,2024-04-27,2024,2,4,27,Apr,2024-04
849,2024-04-28,2024,2,4,28,Apr,2024-04
850,2024-04-29,2024,2,4,29,Apr,2024-04
851,2024-04-30,2024,2,4,30,Apr,2024-04
852,2024-05-01,2024,2,5,1,May,2024-05
853,2024-05-02,2024,2,5,2,May,2024-05
854,2024-05-03,2024,2,5,3,May,2024-05
855,2024-05-04,2024,2,5,4,May,2024-05
856,2024-05-05,2024,2,5,5,May,2024-05
857,2024-05-06,2024,2,5,6,May,2024-05
858,2024-05-07,2024,2,5,7,May,2024-05
859,2024-05-08,2024,2,5,8,May,2024-05
860,2024-05-09,2024,2,5,9,May,2024-05
861,2024-05-10,2024,2,5,10,May,2024-05
862,2024-05-11,2024,2,5,11,May,2024-05
863,2024-05-12,2024,2,5,12,May,2024-05
864,2024-05-13,2024,2,5,13,May,2024-05
865,2024-05-14,2024,2,5,14,May,2024-05
866,2024-05-15,2024,2,5,15,May,2024-05
867,2024-05-16,2024,2,5,16,May,2024-05
868,2024-05-17,2024,2,5,17,May,2024-05
869,2024-05-18,2024,2,5,18,May,2024-05
870,2024-05-19,2024,2,5,19,May,2024-05
871,2024-05-20,2024,2,5,20,May,2024-05
872,2024-05-21,2024,2,5,21,May,2024-05
873,2024-05-22,2024,2,5,22,May,2024-05
874,2024-05-23,2024,2,5,23,May,2024-05
875,2024-05-24,2024,2,5,24,May,2024-05
876,2024-05-25,2024,2,5,25,May,2024-05
877,2024-05-26,2024,2,5,26,May,2024-05
878,2024-05-27,2024,2,5,27,May,2024-05
879,2024-05-28,2024,2,5,28,May,2024-05
880,2024-05-29,2024,2,5,29,May,2024-05
881,2024-05-30,2024,2,5,30,May,2024-05
882,2024-05-31,2024,2,5,31,May,2024-05
883,2024-06-01,2024,2,6,1,Jun,2024-06
884,2024-06-02,2024,2,6,2,Jun,2024-06
885,2024-06-03,2024,2,6,3,Jun,2024-06
886,2024-06-04,2024,2,6,4,Jun,2024-06
887,2024-06-05,2024,2,6,5,Jun,2024-06
888,2024-06-06,2024,2,6,6,Jun,2024-06
889,2024-06-07,2024,2,6,7,Jun,2024-06
890,2024-06-08,2024,2,6,8,Jun,2024-06
891,2024-06-09,2024,2,6,9,Jun,2024-06
892,2024-06-10,2024,2,6,10,Jun,2024-06
893,2024-06-11,2024,2,6,11,Jun,2024-06
894,2024-06-12,2024,2,6,12,Jun,2024-06
895,2024-06-13,2024,2,6,13,Jun,2024-06
896,2024-06-14,2024,2,6,14,Jun,2024-06
897,2024-06-15,2024,2,6,15,Jun,2024-06
898,2024-06-16,2024,2,6,16,Jun,2024-06
899,2024-06-17,2024,2,6,17,Jun,2024-06
900,2024-06-18,2024,2,6,18,Jun,2024-06
901,2024-06-19,2024,2,6,19,Jun,2024-06
902,2024-06-20,2024,2,6,20,Jun,2024-06
903,2024-06-21,2024,2,6,21,Jun,2024-06
904,2024-06-22,2024,2,6,22,Jun,2024-06
905,2024-06-23,2024,2,6,23,Jun,2024-06
906,2024-06-24,2024,2,6,24,Jun,2024-06
907,2024-06-25,2024,2,6,25,Jun,2024-06
908,2024-06-26,2024,2,6,26,Jun,2024-06
909,2024-06-27,2024,2,6,27,Jun,2024-06
910,2024-06-28,2024,2,6,28,Jun,2024-06
911,2024-06-29,2024,2,6,29,Jun,2024-06
912,2024-06-30,2024,2,6,30,Jun,2024-06
913,2024-07-01,2024,3,7,1,Jul,2024-07
914,2024-07-02,2024,3,7,2,Jul,2024-07
915,2024-07-03,2024,3,7,3,Jul,2024-07
916,2024-07-04,2024,3,7,4,Jul,2024-07
917,2024-07-05,2024,3,7,5,Jul,2024-07
918,2024-07-06,2024,3,7,6,Jul,2024-07
919,2024-07-07,2024,3,7,7,Jul,2024-07
920,2024-07-08,2024,3,7,8,Jul,2024-07
921,2024-07-09,2024,3,7,9,Jul,2024-07
922,2024-07-10,2024,3,7,10,Jul,2024-07
923,2024-07-11,2024,3,7,11,Jul,2024-07
924,2024-07-12,2024,3,7,12,Jul,2024-07
925,2024-07-13,2024,3,7,13,Jul,2024-07
926,2024-07-14,2024,3,7,14,Jul,2024-07
927,2024-07-15,2024,3,7,15,Jul,2024-07
928,2024-07-16,2024,3,7,16,Jul,2024-07
929,2024-07-17,2024,3,7,17,Jul,2024-07
930,2024-07-18,2024,3,7,18,Jul,2024-07
931,2024-07-19,2024,3,7,19,Jul,2024-07
932,2024-07-20,2024,3,7,20,Jul,2024-07
933,2024-07-21,2024,3,7,21,Jul,2024-07
934,2024-07-22,2024,3,7,22,Jul,2024-07
935,2024-07-23,2024,3,7,23,Jul,2024-07
936,2024-07-24,2024,3,7,24,Jul,2024-07
937,2024-07-25,2024,3,7,25,Jul,2024-07
938,2024-07-26,2024,3,7,26,Jul,2024-07
939,2024-07-27,2024,3,7,27,Jul,2024-07
940,2024-07-28,2024,3,7,28,Jul,2024-07
941,2024-07-29,2024,3,7,29,Jul,2024-07
942,2024-07-30,2024,3,7,30,Jul,2024-07
943,2024-07-31,2024,3,7,31,Jul,2024-07
944,2024-08-01,2024,3,8,1,Aug,2024-08
945,2024-08-02,2024,3,8,2,Aug,2024-08
946,2024-08-03,2024,3,8,3,Aug,2024-08
947,2024-08-04,2024,3,8,4,Aug,2024-08
948,2024-08-05,2024,3,8,5,Aug,2024-08
949,2024-08-06,2024,3,8,6,Aug,2024-08
950,2024-08-07,2024,3,8,7,Aug,2024-08
951,2024-08-08,2024,3,8,8,Aug,2024-08
952,2024-08-09,2024,3,8,9,Aug,2024-08
953,2024-08-10,2024,3,8,10,Aug,2024-08
954,2024-08-11,2024,3,8,11,Aug,2024-08
955,2024-08-12,2024,3,8,12,Aug,2024-08
956,2024-08-13,2024,3,8,13,Aug,2024-08
957,2024-08-14,2024,3,8,14,Aug,2024-08
958,2024-08-15,2024,3,8,15,Aug,2024-08
959,2024-08-16,2024,3,8,16,Aug,2024-08
960,2024-08-17,2024,3,8,17,Aug,2024-08
961,2024-08-18,2024,3,8,18,Aug,2024-08
962,2024-08-19,2024,3,8,19,Aug,2024-08
963,2024-08-20,2024,3,8,20,Aug,2024-08
964,2024-08-21,2024,3,8,21,Aug,2024-08
965,2024-08-22,2024,3,8,22,Aug,2024-08
966,2024-08-23,2024,3,8,23,Aug,2024-08
967,2024-08-24,2024,3,8,24,Aug,2024-08
968,2024-08-25,2024,3,8,25,Aug,2024-08
969,2024-08-26,2024,3,8,26,Aug,2024-08
970,2024-08-27,2024,3,8,27,Aug,2024-08
971,2024-08-28,2024,3,8,28,Aug,2024-08
972,2024-08-29,2024,3,8,29,Aug,2024-08
973,2024-08-30,2024,3,8,30,Aug,2024-08
974,2024-08-31,2024,3,8,31,Aug,2024-08
975,2024-09-01,2024,3,9,1,Sep,2024-09
976,2024-09-02,2024,3,9,2,Sep,2024-09
977,2024-09-03,2024,3,9,3,Sep,2024-09
978,2024-09-04,2024,3,9,4,Sep,2024-09
979,2024-09-05,2024,3,9,5,Sep,2024-09
980,2024-09-06,2024,3,9,6,Sep,2024-09
981,2024-09-07,2024,3,9,7,Sep,2024-09
982,2024-09-08,2024,3,9,8,Sep,2024-09
983,2024-09-09,2024,3,9,9,Sep,2024-09
984,2024-09-10,2024,3,9,10,Sep,2024-09
985,2024-09-11,2024,3,9,11,Sep,2024-09
986,2024-09-12,2024,3,9,12,Sep,2024-09
987,2024-09-13,2024,3,9,13,Sep,2024-09
988,2024-09-14,2024,3,9,14,Sep,2024-09
989,2024-09-15,2024,3,9,15,Sep,2024-09
990,2024-09-16,2024,3,9,16,Sep,2024-09
991,2024-09-17,2024,3,9,17,Sep,2024-09
992,2024-09-18,2024,3,9,18,Sep,2024-09
993,2024-09-19,2024,3,9,19,Sep,2024-09
994,2024-09-20,2024,3,9,20,Sep,2024-09
995,2024-09-21,2024,3,9,21,Sep,2024-09
996,2024-09-22,2024,3,9,22,Sep,2024-09
997,2024-09-23,2024,3,9,23,Sep,2024-09
998,2024-09-24,2024,3,9,24,Sep,2024-09
999,2024-09-25,2024,3,9,25,Sep,2024-09
1000,2024-09-26,2024,3,9,26,Sep,2024-09
1001,2024-09-27,2024,3,9,27,Sep,2024-09
1002,2024-09-28,2024,3,9,28,Sep,2024-09
1003,2024-09-29,2024,3,9,29,Sep,2024-09
1004,2024-09-30,2024,3,9,30,Sep,2024-09
1005,2024-10-01,2024,4,10,1,Oct,2024-10
1006,2024-10-02,2024,4,10,2,Oct,2024-10
1007,2024-10-03,2024,4,10,3,Oct,2024-10
1008,2024-10-04,2024,4,10,4,Oct,2024-10
1009,2024-10-05,2024,4,10,5,Oct,2024-10
1010,2024-10-06,2024,4,10,6,Oct,2024-10
1011,2024-10-07,2024,4,10,7,Oct,2024-10
1012,2024-10-08,2024,4,10,8,Oct,2024-10
1013,2024-10-09,2024,4,10,9,Oct,2024-10
1014,2024-10-10,2024,4,10,10,Oct,2024-10
1015,2024-10-11,2024,4,10,11,Oct,2024-10
1016,2024-10-12,2024,4,10,12,Oct,2024-10
1017,2024-10-13,2024,4,10,13,Oct,2024-10
1018,2024-10-14,2024,4,10,14,Oct,2024-10
1019,2024-10-15,2024,4,10,15,Oct,2024-10
1020,2024-10-16,2024,4,10,16,Oct,2024-10
1021,2024-10-17,2024,4,10,17,Oct,2024-10
1022,2024-10-18,2024,4,10,18,Oct,2024-10
1023,2024-10-19,2024,4,10,19,Oct,2024-10
1024,2024-10-20,2024,4,10,20,Oct,2024-10
1025,2024-10-21,2024,4,10,21,Oct,2024-10
1026,2024-10-22,2024,4,10,22,Oct,2024-10
1027,2024-10-23,2024,4,10,23,Oct,2024-10
1028,2024-10-24,2024,4,10,24,Oct,2024-10
1029,2024-10-25,2024,4,10,25,Oct,2024-10
1030,2024-10-26,2024,4,10,26,Oct,2024-10
1031,2024-10-27,2024,4,10,27,Oct,2024-10
1032,2024-10-28,2024,4,10,28,Oct,2024-10
1033,2024-10-29,2024,4,10,29,Oct,2024-10
1034,2024-10-30,2024,4,10,30,Oct,2024-10
1035,2024-10-31,2024,4,10,31,Oct,2024-10
1036,2024-11-01,2024,4,11,1,Nov,2024-11
1037,2024-11-02,2024,4,11,2,Nov,2024-11
1038,2024-11-03,2024,4,11,3,Nov,2024-11
1039,2024-11-04,2024,4,11,4,Nov,2024-11
1040,2024-11-05,2024,4,11,5,Nov,2024-11
1041,2024-11-06,2024,4,11,6,Nov,2024-11
1042,2024-11-07,2024,4,11,7,Nov,2024-11
1043,2024-11-08,2024,4,11,8,Nov,2024-11
1044,2024-11-09,2024,4,11,9,Nov,2024-11
1045,2024-11-10,2024,4,11,10,Nov,2024-11
1046,2024-11-11,2024,4,11,11,Nov,2024-11
1047,2024-11-12,2024,4,11,12,Nov,2024-11
1048,2024-11-13,2024,4,11,13,Nov,2024-11
1049,2024-11-14,2024,4,11,14,Nov,2024-11
1050,2024-11-15,2024,4,11,15,Nov,2024-11
1051,2024-11-16,2024,4,11,16,Nov,2024-11
1052,2024-11-17,2024,4,11,17,Nov,2024-11
1053,2024-11-18,2024,4,11,18,Nov,2024-11
1054,2024-11-19,2024,4,11,19,Nov,2024-11
1055,2024-11-20,2024,4,11,20,Nov,2024-11
1056,2024-11-21,2024,4,11,21,Nov,2024-11
1057,2024-11-22,2024,4,11,22,Nov,2024-11
1058,2024-11-23,2024,4,11,23,Nov,2024-11
1059,2024-11-24,2024,4,11,24,Nov,2024-11
1060,2024-11-25,2024,4,11,25,Nov,2024-11
1061,2024-11-26,2024,4,11,26,Nov,2024-11
1062,2024-11-27,2024,4,11,27,Nov,2024-11
1063,2024-11-28,2024,4,11,28,Nov,2024-11
1064,2024-11-29,2024,4,11,29,Nov,2024-11
1065,2024-11-30,2024,4,11,30,Nov,2024-11
1066,2024-12-01,2024,4,12,1,Dec,2024-12
1067,2024-12-02,2024,4,12,2,Dec,2024-12
1068,2024-12-03,2024,4,12,3,Dec,2024-12
1069,2024-12-04,2024,4,12,4,Dec,2024-12
1070,2024-12-05,2024,4,12,5,Dec,2024-12
1071,2024-12-06,2024,4,12,6,Dec,2024-12
1072,2024-12-07,2024,4,12,7,Dec,2024-12
1073,2024-12-08,2024,4,12,8,Dec,2024-12
1074,2024-12-09,2024,4,12,9,Dec,2024-12
1075,2024-12-10,2024,4,12,10,Dec,2024-12
1076,2024-12-11,2024,4,12,11,Dec,2024-12
1077,2024-12-12,2024,4,12,12,Dec,2024-12
1078,2024-12-13,2024,4,12,13,Dec,2024-12
1079,2024-12-14,2024,4,12,14,Dec,2024-12
1080,2024-12-15,2024,4,12,15,Dec,2024-12
1081,2024-12-16,2024,4,12,16,Dec,2024-12
1082,2024-12-17,2024,4,12,17,Dec,2024-12
1083,2024-12-18,2024,4,12,18,Dec,2024-12
1084,2024-12-19,2024,4,12,19,Dec,2024-12
1085,2024-12-20,2024,4,12,20,Dec,2024-12
1086,2024-12-21,2024,4,12,21,Dec,2024-12
1087,2024-12-22,2024,4,12,22,Dec,2024-12
1088,2024-12-23,2024,4,12,23,Dec,2024-12
1089,2024-12-24,2024,4,12,24,Dec,2024-12
1090,2024-12-25,2024,4,12,25,Dec,2024-12
1091,2024-12-26,2024,4,12,26,Dec,2024-12
1092,2024-12-27,2024,4,12,27,Dec,2024-12
1093,2024-12-28,2024,4,12,28,Dec,2024-12
1094,2024-12-29,2024,4,12,29,Dec,2024-12
1095,2024-12-30,2024,4,12,30,Dec,2024-12
1096,2024-12-31,2024,4,12,31,Dec,2024-12
1097,2025-01-01,2025,1,1,1,Jan,2025-01
1098,2025-01-02,2025,1,1,2,Jan,2025-01
1099,2025-01-03,2025,1,1,3,Jan,2025-01
1100,2025-01-04,2025,1,1,4,Jan,2025-01
1101,2025-01-05,2025,1,1,5,Jan,2025-01
1102,2025-01-06,2025,1,1,6,Jan,2025-01
1103,2025-01-07,2025,1,1,7,Jan,2025-01
1104,2025-01-08,2025,1,1,8,Jan,2025-01
1105,2025-01-09,2025,1,1,9,Jan,2025-01
1106,2025-01-10,2025,1,1,10,Jan,2025-01
1107,2025-01-11,2025,1,1,11,Jan,2025-01
1108,2025-01-12,2025,1,1,12,Jan,2025-01
1109,2025-01-13,2025,1,1,13,Jan,2025-01
1110,2025-01-14,2025,1,1,14,Jan,2025-01
1111,2025-01-15,2025,1,1,15,Jan,2025-01
1112,2025-01-16,2025,1,1,16,Jan,2025-01
1113,2025-01-17,2025,1,1,17,Jan,2025-01
1114,2025-01-18,2025,1,1,18,Jan,2025-01
1115,2025-01-19,2025,1,1,19,Jan,2025-01
1116,2025-01-20,2025,1,1,20,Jan,2025-01
1117,2025-01-21,2025,1,1,21,Jan,2025-01
1118,2025-01-22,2025,1,1,22,Jan,2025-01
1119,2025-01-23,2025,1,1,23,Jan,2025-01
1120,2025-01-24,2025,1,1,24,Jan,2025-01
1121,2025-01-25,2025,1,1,25,Jan,2025-01
1122,2025-01-26,2025,1,1,26,Jan,2025-01
1123,2025-01-27,2025,1,1,27,Jan,2025-01
1124,2025-01-28,2025,1,1,28,Jan,2025-01
1125,2025-01-29,2025,1,1,29,Jan,2025-01
1126,2025-01-30,2025,1,1,30,Jan,2025-01
1127,2025-01-31,2025,1,1,31,Jan,2025-01
1128,2025-02-01,2025,1,2,1,Feb,2025-02
1129,2025-02-02,2025,1,2,2,Feb,2025-02
1130,2025-02-03,2025,1,2,3,Feb,2025-02
1131,2025-02-04,2025,1,2,4,Feb,2025-02
1132,2025-02-05,2025,1,2,5,Feb,2025-02
1133,2025-02-06,2025,1,2,6,Feb,2025-02
1134,2025-02-07,2025,1,2,7,Feb,2025-02
1135,2025-02-08,2025,1,2,8,Feb,2025-02
1136,2025-02-09,2025,1,2,9,Feb,2025-02
1137,2025-02-10,2025,1,2,10,Feb,2025-02
1138,2025-02-11,2025,1,2,11,Feb,2025-02
1139,2025-02-12,2025,1,2,12,Feb,2025-02
1140,2025-02-13,2025,1,2,13,Feb,2025-02
1141,2025-02-14,2025,1,2,14,Feb,2025-02
1142,2025-02-15,2025,1,2,15,Feb,2025-02
1143,2025-02-16,2025,1,2,16,Feb,2025-02
1144,2025-02-17,2025,1,2,17,Feb,2025-02
1145,2025-02-18,2025,1,2,18,Feb,2025-02
1146,2025-02-19,2025,1,2,19,Feb,2025-02
1147,2025-02-20,2025,1,2,20,Feb,2025-02
1148,2025-02-21,2025,1,2,21,Feb,2025-02
1149,2025-02-22,2025,1,2,22,Feb,2025-02
1150,2025-02-23,2025,1,2,23,Feb,2025-02
1151,2025-02-24,2025,1,2,24,Feb,2025-02
1152,2025-02-25,2025,1,2,25,Feb,2025-02
1153,2025-02-26,2025,1,2,26,Feb,2025-02
1154,2025-02-27,2025,1,2,27,Feb,2025-02
1155,2025-02-28,2025,1,2,28,Feb,2025-02
1156,2025-03-01,2025,1,3,1,Mar,2025-03
1157,2025-03-02,2025,1,3,2,Mar,2025-03
1158,2025-03-03,2025,1,3,3,Mar,2025-03
1159,2025-03-04,2025,1,3,4,Mar,2025-03
1160,2025-03-05,2025,1,3,5,Mar,2025-03
1161,2025-03-06,2025,1,3,6,Mar,2025-03
1162,2025-03-07,2025,1,3,7,Mar,2025-03
1163,2025-03-08,2025,1,3,8,Mar,2025-03
1164,2025-03-09,2025,1,3,9,Mar,2025-03
1165,2025-03-10,2025,1,3,10,Mar,2025-03
1166,2025-03-11,2025,1,3,11,Mar,2025-03
1167,2025-03-12,2025,1,3,12,Mar,2025-03
1168,2025-03-13,2025,1,3,13,Mar,2025-03
1169,2025-03-14,2025,1,3,14,Mar,2025-03
1170,2025-03-15,2025,1,3,15,Mar,2025-03
1171,2025-03-16,2025,1,3,16,Mar,2025-03
1172,2025-03-17,2025,1,3,17,Mar,2025-03
1173,2025-03-18,2025,1,3,18,Mar,2025-03
1174,2025-03-19,2025,1,3,19,Mar,2025-03
1175,2025-03-20,2025,1,3,20,Mar,2025-03
1176,2025-03-21,2025,1,3,21,Mar,2025-03
1177,2025-03-22,2025,1,3,22,Mar,2025-03
1178,2025-03-23,2025,1,3,23,Mar,2025-03
1179,2025-03-24,2025,1,3,24,Mar,2025-03
1180,2025-03-25,2025,1,3,25,Mar,2025-03
1181,2025-03-26,2025,1,3,26,Mar,2025-03
1182,2025-03-27,2025,1,3,27,Mar,2025-03
1183,2025-03-28,2025,1,3,28,Mar,2025-03
1184,2025-03-29,2025,1,3,29,Mar,2025-03
1185,2025-03-30,2025,1,3,30,Mar,2025-03
1186,2025-03-31,2025,1,3,31,Mar,2025-03
1187,2025-04-01,2025,2,4,1,Apr,2025-04
1188,2025-04-02,2025,2,4,2,Apr,2025-04
1189,2025-04-03,2025,2,4,3,Apr,2025-04
1190,2025-04-04,2025,2,4,4,Apr,2025-04
1191,2025-04-05,2025,2,4,5,Apr,2025-04
1192,2025-04-06,2025,2,4,6,Apr,2025-04
1193,2025-04-07,2025,2,4,7,Apr,2025-04
1194,2025-04-08,2025,2,4,8,Apr,2025-04
1195,2025-04-09,2025,2,4,9,Apr,2025-04
1196,2025-04-10,2025,2,4,10,Apr,2025-04
1197,2025-04-11,2025,2,4,11,Apr,2025-04
1198,2025-04-12,2025,2,4,12,Apr,2025-04
1199,2025-04-13,2025,2,4,13,Apr,2025-04
1200,2025-04-14,2025,2,4,14,Apr,2025-04
1201,2025-04-15,2025,2,4,15,Apr,2025-04
1202,2025-04-16,2025,2,4,16,Apr,2025-04
1203,2025-04-17,2025,2,4,17,Apr,2025-04
1204,2025-04-18,2025,2,4,18,Apr,2025-04
1205,2025-04-19,2025,2,4,19,Apr,2025-04
1206,2025-04-20,2025,2,4,20,Apr,2025-04
1207,2025-04-21,2025,2,4,21,Apr,2025-04
1208,2025-04-22,2025,2,4,22,Apr,2025-04
1209,2025-04-23,2025,2,4,23,Apr,2025-04
1210,2025-04-24,2025,2,4,24,Apr,2025-04
1211,2025-04-25,2025,2,4,25,Apr,2025-04
1212,2025-04-26,2025,2,4,26,Apr,2025-04
1213,2025-04-27,2025,2,4,27,Apr,2025-04
1214,2025-04-28,2025,2,4,28,Apr,2025-04
1215,2025-04-29,2025,2,4,29,Apr,2025-04
1216,2025-04-30,2025,2,4,30,Apr,2025-04
1217,2025-05-01,2025,2,5,1,May,2025-05
1218,2025-05-02,2025,2,5,2,May,2025-05
1219,2025-05-03,2025,2,5,3,May,2025-05
1220,2025-05-04,2025,2,5,4,May,2025-05
1221,2025-05-05,2025,2,5,5,May,2025-05
1222,2025-05-06,2025,2,5,6,May,2025-05
1223,2025-05-07,2025,2,5,7,May,2025-05
1224,2025-05-08,2025,2,5,8,May,2025-05
1225,2025-05-09,2025,2,5,9,May,2025-05
1226,2025-05-10,2025,2,5,10,May,2025-05
1227,2025-05-11,2025,2,5,11,May,2025-05
1228,2025-05-12,2025,2,5,12,May,2025-05
1229,2025-05-13,2025,2,5,13,May,2025-05
1230,2025-05-14,2025,2,5,14,May,2025-05
1231,2025-05-15,2025,2,5,15,May,2025-05
1232,2025-05-16,2025,2,5,16,May,2025-05
1233,2025-05-17,2025,2,5,17,May,2025-05
1234,2025-05-18,2025,2,5,18,May,2025-05
1235,2025-05-19,2025,2,5,19,May,2025-05
1236,2025-05-20,2025,2,5,20,May,2025-05
1237,2025-05-21,2025,2,5,21,May,2025-05
1238,2025-05-22,2025,2,5,22,May,2025-05
1239,2025-05-23,2025,2,5,23,May,2025-05
1240,2025-05-24,2025,2,5,24,May,2025-05
1241,2025-05-25,2025,2,5,25,May,2025-05
1242,2025-05-26,2025,2,5,26,May,2025-05
1243,2025-05-27,2025,2,5,27,May,2025-05
1244,2025-05-28,2025,2,5,28,May,2025-05
1245,2025-05-29,2025,2,5,29,May,2025-05
1246,2025-05-30,2025,2,5,30,May,2025-05
1247,2025-05-31,2025,2,5,31,May,2025-05
1248,2025-06-01,2025,2,6,1,Jun,2025-06
1249,2025-06-02,2025,2,6,2,Jun,2025-06
1250,2025-06-03,2025,2,6,3,Jun,2025-06
1251,2025-06-04,2025,2,6,4,Jun,2025-06
1252,2025-06-05,2025,2,6,5,Jun,2025-06
1253,2025-06-06,2025,2,6,6,Jun,2025-06
1254,2025-06-07,2025,2,6,7,Jun,2025-06
1255,2025-06-08,2025,2,6,8,Jun,2025-06
1256,2025-06-09,2025,2,6,9,Jun,2025-06
1257,2025-06-10,2025,2,6,10,Jun,2025-06
1258,2025-06-11,2025,2,6,11,Jun,2025-06
1259,2025-06-12,2025,2,6,12,Jun,2025-06
1260,2025-06-13,2025,2,6,13,Jun,2025-06
1261,2025-06-14,2025,2,6,14,Jun,2025-06
1262,2025-06-15,2025,2,6,15,Jun,2025-06
1263,2025-06-16,2025,2,6,16,Jun,2025-06
1264,2025-06-17,2025,2,6,17,Jun,2025-06
1265,2025-06-18,2025,2,6,18,Jun,2025-06
1266,2025-06-19,2025,2,6,19,Jun,2025-06
1267,2025-06-20,2025,2,6,20,Jun,2025-06
1268,2025-06-21,2025,2,6,21,Jun,2025-06
1269,2025-06-22,2025,2,6,22,Jun,2025-06
1270,2025-06-23,2025,2,6,23,Jun,2025-06
1271,2025-06-24,2025,2,6,24,Jun,2025-06
1272,2025-06-25,2025,2,6,25,Jun,2025-06
1273,2025-06-26,2025,2,6,26,Jun,2025-06
1274,2025-06-27,2025,2,6,27,Jun,2025-06
1275,2025-06-28,2025,2,6,28,Jun,2025-06
1276,2025-06-29,2025,2,6,29,Jun,2025-06
1277,2025-06-30,2025,2,6,30,Jun,2025-06
1278,2025-07-01,2025,3,7,1,Jul,2025-07
1279,2025-07-02,2025,3,7,2,Jul,2025-07
1280,2025-07-03,2025,3,7,3,Jul,2025-07
1281,2025-07-04,2025,3,7,4,Jul,2025-07
1282,2025-07-05,2025,3,7,5,Jul,2025-07
1283,2025-07-06,2025,3,7,6,Jul,2025-07
1284,2025-07-07,2025,3,7,7,Jul,2025-07
1285,2025-07-08,2025,3,7,8,Jul,2025-07
1286,2025-07-09,2025,3,7,9,Jul,2025-07
1287,2025-07-10,2025,3,7,10,Jul,2025-07
1288,2025-07-11,2025,3,7,11,Jul,2025-07
1289,2025-07-12,2025,3,7,12,Jul,2025-07
1290,2025-07-13,2025,3,7,13,Jul,2025-07
1291,2025-07-14,2025,3,7,14,Jul,2025-07
1292,2025-07-15,2025,3,7,15,Jul,2025-07
1293,2025-07-16,2025,3,7,16,Jul,2025-07
1294,2025-07-17,2025,3,7,17,Jul,2025-07
1295,2025-07-18,2025,3,7,18,Jul,2025-07
1296,2025-07-19,2025,3,7,19,Jul,2025-07
1297,2025-07-20,2025,3,7,20,Jul,2025-07
1298,2025-07-21,2025,3,7,21,Jul,2025-07
1299,2025-07-22,2025,3,7,22,Jul,2025-07
1300,2025-07-23,2025,3,7,23,Jul,2025-07
1301,2025-07-24,2025,3,7,24,Jul,2025-07
1302,2025-07-25,2025,3,7,25,Jul,2025-07
1303,2025-07-26,2025,3,7,26,Jul,2025-07
1304,2025-07-27,2025,3,7,27,Jul,2025-07
1305,2025-07-28,2025,3,7,28,Jul,2025-07
1306,2025-07-29,2025,3,7,29,Jul,2025-07
1307,2025-07-30,2025,3,7,30,Jul,2025-07
1308,2025-07-31,2025,3,7,31,Jul,2025-07
1309,2025-08-01,2025,3,8,1,Aug,2025-08
1310,2025-08-02,2025,3,8,2,Aug,2025-08
1311,2025-08-03,2025,3,8,3,Aug,2025-08
1312,2025-08-04,2025,3,8,4,Aug,2025-08
1313,2025-08-05,2025,3,8,5,Aug,2025-08
1314,2025-08-06,2025,3,8,6,Aug,2025-08
1315,2025-08-07,2025,3,8,7,Aug,2025-08
1316,2025-08-08,2025,3,8,8,Aug,2025-08
1317,2025-08-09,2025,3,8,9,Aug,2025-08
1318,2025-08-10,2025,3,8,10,Aug,2025-08
1319,2025-08-11,2025,3,8,11,Aug,2025-08
1320,2025-08-12,2025,3,8,12,Aug,2025-08
1321,2025-08-13,2025,3,8,13,Aug,2025-08
1322,2025-08-14,2025,3,8,14,Aug,2025-08
1323,2025-08-15,2025,3,8,15,Aug,2025-08
1324,2025-08-16,2025,3,8,16,Aug,2025-08
1325,2025-08-17,2025,3,8,17,Aug,2025-08
1326,2025-08-18,2025,3,8,18,Aug,2025-08
1327,2025-08-19,2025,3,8,19,Aug,2025-08
1328,2025-08-20,2025,3,8,20,Aug,2025-08
1329,2025-08-21,2025,3,8,21,Aug,2025-08
1330,2025-08-22,2025,3,8,22,Aug,2025-08
1331,2025-08-23,2025,3,8,23,Aug,2025-08
1332,2025-08-24,2025,3,8,24,Aug,2025-08
1333,2025-08-25,2025,3,8,25,Aug,2025-08
1334,2025-08-26,2025,3,8,26,Aug,2025-08
1335,2025-08-27,2025,3,8,27,Aug,2025-08
1336,2025-08-28,2025,3,8,28,Aug,2025-08
1337,2025-08-29,2025,3,8,29,Aug,2025-08
1338,2025-08-30,2025,3,8,30,Aug,2025-08
1339,2025-08-31,2025,3,8,31,Aug,2025-08
1340,2025-09-01,2025,3,9,1,Sep,2025-09
1341,2025-09-02,2025,3,9,2,Sep,2025-09
1342,2025-09-03,2025,3,9,3,Sep,2025-09
1343,2025-09-04,2025,3,9,4,Sep,2025-09
1344,2025-09-05,2025,3,9,5,Sep,2025-09
1345,2025-09-06,2025,3,9,6,Sep,2025-09
1346,2025-09-07,2025,3,9,7,Sep,2025-09
1347,2025-09-08,2025,3,9,8,Sep,2025-09
1348,2025-09-09,2025,3,9,9,Sep,2025-09
1349,2025-09-10,2025,3,9,10,Sep,2025-09
1350,2025-09-11,2025,3,9,11,Sep,2025-09
1351,2025-09-12,2025,3,9,12,Sep,2025-09
1352,2025-09-13,2025,3,9,13,Sep,2025-09
1353,2025-09-14,2025,3,9,14,Sep,2025-09
1354,2025-09-15,2025,3,9,15,Sep,2025-09
1355,2025-09-16,2025,3,9,16,Sep,2025-09
1356,2025-09-17,2025,3,9,17,Sep,2025-09
1357,2025-09-18,2025,3,9,18,Sep,2025-09
1358,2025-09-19,2025,3,9,19,Sep,2025-09
1359,2025-09-20,2025,3,9,20,Sep,2025-09
1360,2025-09-21,2025,3,9,21,Sep,2025-09
1361,2025-09-22,2025,3,9,22,Sep,2025-09
1362,2025-09-23,2025,3,9,23,Sep,2025-09
1363,2025-09-24,2025,3,9,24,Sep,2025-09
1364,2025-09-25,2025,3,9,25,Sep,2025-09
1365,2025-09-26,2025,3,9,26,Sep,2025-09
1366,2025-09-27,2025,3,9,27,Sep,2025-09
1367,2025-09-28,2025,3,9,28,Sep,2025-09
1368,2025-09-29,2025,3,9,29,Sep,2025-09
1369,2025-09-30,2025,3,9,30,Sep,2025-09
1370,2025-10-01,2025,4,10,1,Oct,2025-10
1371,2025-10-02,2025,4,10,2,Oct,2025-10
1372,2025-10-03,2025,4,10,3,Oct,2025-10
1373,2025-10-04,2025,4,10,4,Oct,2025-10
1374,2025-10-05,2025,4,10,5,Oct,2025-10
1375,2025-10-06,2025,4,10,6,Oct,2025-10
1376,2025-10-07,2025,4,10,7,Oct,2025-10
1377,2025-10-08,2025,4,10,8,Oct,2025-10
1378,2025-10-09,2025,4,10,9,Oct,2025-10
1379,2025-10-10,2025,4,10,10,Oct,2025-10
1380,2025-10-11,2025,4,10,11,Oct,2025-10
1381,2025-10-12,2025,4,10,12,Oct,2025-10
1382,2025-10-13,2025,4,10,13,Oct,2025-10
1383,2025-10-14,2025,4,10,14,Oct,2025-10
1384,2025-10-15,2025,4,10,15,Oct,2025-10
1385,2025-10-16,2025,4,10,16,Oct,2025-10
1386,2025-10-17,2025,4,10,17,Oct,2025-10
1387,2025-10-18,2025,4,10,18,Oct,2025-10
1388,2025-10-19,2025,4,10,19,Oct,2025-10
1389,2025-10-20,2025,4,10,20,Oct,2025-10
1390,2025-10-21,2025,4,10,21,Oct,2025-10
1391,2025-10-22,2025,4,10,22,Oct,2025-10
1392,2025-10-23,2025,4,10,23,Oct,2025-10
1393,2025-10-24,2025,4,10,24,Oct,2025-10
1394,2025-10-25,2025,4,10,25,Oct,2025-10
1395,2025-10-26,2025,4,10,26,Oct,2025-10
1396,2025-10-27,2025,4,10,27,Oct,2025-10
1397,2025-10-28,2025,4,10,28,Oct,2025-10
1398,2025-10-29,2025,4,10,29,Oct,2025-10
1399,2025-10-30,2025,4,10,30,Oct,2025-10
1400,2025-10-31,2025,4,10,31,Oct,2025-10
1401,2025-11-01,2025,4,11,1,Nov,2025-11
1402,2025-11-02,2025,4,11,2,Nov,2025-11
1403,2025-11-03,2025,4,11,3,Nov,2025-11
1404,2025-11-04,2025,4,11,4,Nov,2025-11
1405,2025-11-05,2025,4,11,5,Nov,2025-11
1406,2025-11-06,2025,4,11,6,Nov,2025-11
1407,2025-11-07,2025,4,11,7,Nov,2025-11
1408,2025-11-08,2025,4,11,8,Nov,2025-11
1409,2025-11-09,2025,4,11,9,Nov,2025-11
1410,2025-11-10,2025,4,11,10,Nov,2025-11
1411,2025-11-11,2025,4,11,11,Nov,2025-11
1412,2025-11-12,2025,4,11,12,Nov,2025-11
1413,2025-11-13,2025,4,11,13,Nov,2025-11
1414,2025-11-14,2025,4,11,14,Nov,2025-11
1415,2025-11-15,2025,4,11,15,Nov,2025-11
1416,2025-11-16,2025,4,11,16,Nov,2025-11
1417,2025-11-17,2025,4,11,17,Nov,2025-11
1418,2025-11-18,2025,4,11,18,Nov,2025-11
1419,2025-11-19,2025,4,11,19,Nov,2025-11
1420,2025-11-20,2025,4,11,20,Nov,2025-11
1421,2025-11-21,2025,4,11,21,Nov,2025-11
1422,2025-11-22,2025,4,11,22,Nov,2025-11
1423,2025-11-23,2025,4,11,23,Nov,2025-11
1424,2025-11-24,2025,4,11,24,Nov,2025-11
1425,2025-11-25,2025,4,11,25,Nov,2025-11
1426,2025-11-26,2025,4,11,26,Nov,2025-11
1427,2025-11-27,2025,4,11,27,Nov,2025-11
1428,2025-11-28,2025,4,11,28,Nov,2025-11
1429,2025-11-29,2025,4,11,29,Nov,2025-11
1430,2025-11-30,2025,4,11,30,Nov,2025-11
1431,2025-12-01,2025,4,12,1,Dec,2025-12
1432,2025-12-02,2025,4,12,2,Dec,2025-12
1433,2025-12-03,2025,4,12,3,Dec,2025-12
1434,2025-12-04,2025,4,12,4,Dec,2025-12
1435,2025-12-05,2025,4,12,5,Dec,2025-12
1436,2025-12-06,2025,4,12,6,Dec,2025-12
1437,2025-12-07,2025,4,12,7,Dec,2025-12
1438,2025-12-08,2025,4,12,8,Dec,2025-12
1439,2025-12-09,2025,4,12,9,Dec,2025-12
1440,2025-12-10,2025,4,12,10,Dec,2025-12
1441,2025-12-11,2025,4,12,11,Dec,2025-12
1442,2025-12-12,2025,4,12,12,Dec,2025-12
1443,2025-12-13,2025,4,12,13,Dec,2025-12
1444,2025-12-14,2025,4,12,14,Dec,2025-12
1445,2025-12-15,2025,4,12,15,Dec,2025-12
1446,2025-12-16,2025,4,12,16,Dec,2025-12
1447,2025-12-17,2025,4,12,17,Dec,2025-12
1448,2025-12-18,2025,4,12,18,Dec,2025-12
1449,2025-12-19,2025,4,12,19,Dec,2025-12
1450,2025-12-20,2025,4,12,20,Dec,2025-12
1451,2025-12-21,2025,4,12,21,Dec,2025-12
1452,2025-12-22,2025,4,12,22,Dec,2025-12
1453,2025-12-23,2025,4,12,23,Dec,2025-12
1454,2025-12-24,2025,4,12,24,Dec,2025-12
1455,2025-12-25,2025,4,12,25,Dec,2025-12
1456,2025-12-26,2025,4,12,26,Dec,2025-12
1457,2025-12-27,2025,4,12,27,Dec,2025-12
1458,2025-12-28,2025,4,12,28,Dec,2025-12
1459,2025-12-29,2025,4,12,29,Dec,2025-12
1460,2025-12-30,2025,4,12,30,Dec,2025-12
1461,2025-12-31,2025,4,12,31,Dec,2025-12
1462,2026-01-01,2026,1,1,1,Jan,2026-01
1463,2026-01-02,2026,1,1,2,Jan,2026-01
1464,2026-01-03,2026,1,1,3,Jan,2026-01
1465,2026-01-04,2026,1,1,4,Jan,2026-01
1466,2026-01-05,2026,1,1,5,Jan,2026-01
1467,2026-01-06,2026,1,1,6,Jan,2026-01
1468,2026-01-07,2026,1,1,7,Jan,2026-01
1469,2026-01-08,2026,1,1,8,Jan,2026-01
1470,2026-01-09,2026,1,1,9,Jan,2026-01
1471,2026-01-10,2026,1,1,10,Jan,2026-01
1472,2026-01-11,2026,1,1,11,Jan,2026-01
1473,2026-01-12,2026,1,1,12,Jan,2026-01
1474,2026-01-13,2026,1,1,13,Jan,2026-01
1475,2026-01-14,2026,1,1,14,Jan,2026-01
1476,2026-01-15,2026,1,1,15,Jan,2026-01
1477,2026-01-16,2026,1,1,16,Jan,2026-01
1478,2026-01-17,2026,1,1,17,Jan,2026-01
1479,2026-01-18,2026,1,1,18,Jan,2026-01
1480,2026-01-19,2026,1,1,19,Jan,2026-01
1481,2026-01-20,2026,1,1,20,Jan,2026-01
1482,2026-01-21,2026,1,1,21,Jan,2026-01
1483,2026-01-22,2026,1,1,22,Jan,2026-01
1484,2026-01-23,2026,1,1,23,Jan,2026-01
1485,2026-01-24,2026,1,1,24,Jan,2026-01
1486,2026-01-25,2026,1,1,25,Jan,2026-01
1487,2026-01-26,2026,1,1,26,Jan,2026-01
1488,2026-01-27,2026,1,1,27,Jan,2026-01
1489,2026-01-28,2026,1,1,28,Jan,2026-01
1490,2026-01-29,2026,1,1,29,Jan,2026-01
1491,2026-01-30,2026,1,1,30,Jan,2026-01
1492,2026-01-31,2026,1,1,31,Jan,2026-01
1493,2026-02-01,2026,1,2,1,Feb,2026-02
1494,2026-02-02,2026,1,2,2,Feb,2026-02
1495,2026-02-03,2026,1,2,3,Feb,2026-02
1496,2026-02-04,2026,1,2,4,Feb,2026-02
1497,2026-02-05,2026,1,2,5,Feb,2026-02
1498,2026-02-06,2026,1,2,6,Feb,2026-02
1499,2026-02-07,2026,1,2,7,Feb,2026-02
1500,2026-02-08,2026,1,2,8,Feb,2026-02
1501,2026-02-09,2026,1,2,9,Feb,2026-02
1502,2026-02-10,2026,1,2,10,Feb,2026-02
1503,2026-02-11,2026,1,2,11,Feb,2026-02
1504,2026-02-12,2026,1,2,12,Feb,2026-02
1505,2026-02-13,2026,1,2,13,Feb,2026-02
1506,2026-02-14,2026,1,2,14,Feb,2026-02
1507,2026-02-15,2026,1,2,15,Feb,2026-02
1508,2026-02-16,2026,1,2,16,Feb,2026-02
1509,2026-02-17,2026,1,2,17,Feb,2026-02
1510,2026-02-18,2026,1,2,18,Feb,2026-02
1511,2026-02-19,2026,1,2,19,Feb,2026-02
1512,2026-02-20,2026,1,2,20,Feb,2026-02
1513,2026-02-21,2026,1,2,21,Feb,2026-02
1514,2026-02-22,2026,1,2,22,Feb,2026-02
1515,2026-02-23,2026,1,2,23,Feb,2026-02
1516,2026-02-24,2026,1,2,24,Feb,2026-02
1517,2026-02-25,2026,1,2,25,Feb,2026-02
1518,2026-02-26,2026,1,2,26,Feb,2026-02
1519,2026-02-27,2026,1,2,27,Feb,2026-02
1520,2026-02-28,2026,1,2,28,Feb,2026-02
1521,2026-03-01,2026,1,3,1,Mar,2026-03
1522,2026-03-02,2026,1,3,2,Mar,2026-03
1523,2026-03-03,2026,1,3,3,Mar,2026-03
1524,2026-03-04,2026,1,3,4,Mar,2026-03
1525,2026-03-05,2026,1,3,5,Mar,2026-03
1526,2026-03-06,2026,1,3,6,Mar,2026-03
1527,2026-03-07,2026,1,3,7,Mar,2026-03
1528,2026-03-08,2026,1,3,8,Mar,2026-03
1529,2026-03-09,2026,1,3,9,Mar,2026-03
1530,2026-03-10,2026,1,3,10,Mar,2026-03
1531,2026-03-11,2026,1,3,11,Mar,2026-03
1532,2026-03-12,2026,1,3,12,Mar,2026-03
1533,2026-03-13,2026,1,3,13,Mar,2026-03
1534,2026-03-14,2026,1,3,14,Mar,2026-03
1535,2026-03-15,2026,1,3,15,Mar,2026-03
1536,2026-03-16,2026,1,3,16,Mar,2026-03
1537,2026-03-17,2026,1,3,17,Mar,2026-03
1538,2026-03-18,2026,1,3,18,Mar,2026-03
1539,2026-03-19,2026,1,3,19,Mar,2026-03
1540,2026-03-20,2026,1,3,20,Mar,2026-03
1541,2026-03-21,2026,1,3,21,Mar,2026-03
1542,2026-03-22,2026,1,3,22,Mar,2026-03
1543,2026-03-23,2026,1,3,23,Mar,2026-03
1544,2026-03-24,2026,1,3,24,Mar,2026-03
1545,2026-03-25,2026,1,3,25,Mar,2026-03
1546,2026-03-26,2026,1,3,26,Mar,2026-03
1547,2026-03-27,2026,1,3,27,Mar,2026-03
1548,2026-03-28,2026,1,3,28,Mar,2026-03
1549,2026-03-29,2026,1,3,29,Mar,2026-03
1550,2026-03-30,2026,1,3,30,Mar,2026-03
1551,2026-03-31,2026,1,3,31,Mar,2026-03
1552,2026-04-01,2026,2,4,1,Apr,2026-04
1553,2026-04-02,2026,2,4,2,Apr,2026-04
1554,2026-04-03,2026,2,4,3,Apr,2026-04
1555,2026-04-04,2026,2,4,4,Apr,2026-04
1556,2026-04-05,2026,2,4,5,Apr,2026-04
1557,2026-04-06,2026,2,4,6,Apr,2026-04
1558,2026-04-07,2026,2,4,7,Apr,2026-04
1559,2026-04-08,2026,2,4,8,Apr,2026-04
1560,2026-04-09,2026,2,4,9,Apr,2026-04
1561,2026-04-10,2026,2,4,10,Apr,2026-04
1562,2026-04-11,2026,2,4,11,Apr,2026-04
1563,2026-04-12,2026,2,4,12,Apr,2026-04
1564,2026-04-13,2026,2,4,13,Apr,2026-04
1565,2026-04-14,2026,2,4,14,Apr,2026-04
1566,2026-04-15,2026,2,4,15,Apr,2026-04
1567,2026-04-16,2026,2,4,16,Apr,2026-04
1568,2026-04-17,2026,2,4,17,Apr,2026-04
1569,2026-04-18,2026,2,4,18,Apr,2026-04
1570,2026-04-19,2026,2,4,19,Apr,2026-04
1571,2026-04-20,2026,2,4,20,Apr,2026-04
1572,2026-04-21,2026,2,4,21,Apr,2026-04
1573,2026-04-22,2026,2,4,22,Apr,2026-04
1574,2026-04-23,2026,2,4,23,Apr,2026-04
1575,2026-04-24,2026,2,4,24,Apr,2026-04
1576,2026-04-25,2026,2,4,25,Apr,2026-04
1577,2026-04-26,2026,2,4,26,Apr,2026-04
1578,2026-04-27,2026,2,4,27,Apr,2026-04
1579,2026-04-28,2026,2,4,28,Apr,2026-04
1580,2026-04-29,2026,2,4,29,Apr,2026-04
1581,2026-04-30,2026,2,4,30,Apr,2026-04
1582,2026-05-01,2026,2,5,1,May,2026-05
1583,2026-05-02,2026,2,5,2,May,2026-05
1584,2026-05-03,2026,2,5,3,May,2026-05
1585,2026-05-04,2026,2,5,4,May,2026-05
1586,2026-05-05,2026,2,5,5,May,2026-05
1587,2026-05-06,2026,2,5,6,May,2026-05
1588,2026-05-07,2026,2,5,7,May,2026-05
1589,2026-05-08,2026,2,5,8,May,2026-05
1590,2026-05-09,2026,2,5,9,May,2026-05
1591,2026-05-10,2026,2,5,10,May,2026-05
1592,2026-05-11,2026,2,5,11,May,2026-05
1593,2026-05-12,2026,2,5,12,May,2026-05
1594,2026-05-13,2026,2,5,13,May,2026-05
1595,2026-05-14,2026,2,5,14,May,2026-05
1596,2026-05-15,2026,2,5,15,May,2026-05
1597,2026-05-16,2026,2,5,16,May,2026-05
1598,2026-05-17,2026,2,5,17,May,2026-05
1599,2026-05-18,2026,2,5,18,May,2026-05
1600,2026-05-19,2026,2,5,19,May,2026-05
1601,2026-05-20,2026,2,5,20,May,2026-05
1602,2026-05-21,2026,2,5,21,May,2026-05
1603,2026-05-22,2026,2,5,22,May,2026-05
1604,2026-05-23,2026,2,5,23,May,2026-05
1605,2026-05-24,2026,2,5,24,May,2026-05
1606,2026-05-25,2026,2,5,25,May,2026-05
1607,2026-05-26,2026,2,5,26,May,2026-05
1608,2026-05-27,2026,2,5,27,May,2026-05
1609,2026-05-28,2026,2,5,28,May,2026-05
1610,2026-05-29,2026,2,5,29,May,2026-05
1611,2026-05-30,2026,2,5,30,May,2026-05
1612,2026-05-31,2026,2,5,31,May,2026-05
1613,2026-06-01,2026,2,6,1,Jun,2026-06
1614,2026-06-02,2026,2,6,2,Jun,2026-06
1615,2026-06-03,2026,2,6,3,Jun,2026-06
1616,2026-06-04,2026,2,6,4,Jun,2026-06
1617,2026-06-05,2026,2,6,5,Jun,2026-06
1618,2026-06-06,2026,2,6,6,Jun,2026-06
1619,2026-06-07,2026,2,6,7,Jun,2026-06
1620,2026-06-08,2026,2,6,8,Jun,2026-06
1621,2026-06-09,2026,2,6,9,Jun,2026-06
1622,2026-06-10,2026,2,6,10,Jun,2026-06
1623,2026-06-11,2026,2,6,11,Jun,2026-06
1624,2026-06-12,2026,2,6,12,Jun,2026-06
1625,2026-06-13,2026,2,6,13,Jun,2026-06
1626,2026-06-14,2026,2,6,14,Jun,2026-06
1627,2026-06-15,2026,2,6,15,Jun,2026-06
1628,2026-06-16,2026,2,6,16,Jun,2026-06
1629,2026-06-17,2026,2,6,17,Jun,2026-06
1630,2026-06-18,2026,2,6,18,Jun,2026-06
1631,2026-06-19,2026,2,6,19,Jun,2026-06
1632,2026-06-20,2026,2,6,20,Jun,2026-06
1633,2026-06-21,2026,2,6,21,Jun,2026-06
1634,2026-06-22,2026,2,6,22,Jun,2026-06
1635,2026-06-23,2026,2,6,23,Jun,2026-06
1636,2026-06-24,2026,2,6,24,Jun,2026-06
1637,2026-06-25,2026,2,6,25,Jun,2026-06
1638,2026-06-26,2026,2,6,26,Jun,2026-06
1639,2026-06-27,2026,2,6,27,Jun,2026-06
1640,2026-06-28,2026,2,6,28,Jun,2026-06
1641,2026-06-29,2026,2,6,29,Jun,2026-06
1642,2026-06-30,2026,2,6,30,Jun,2026-06
