amfi_code,CAGR_3yr,Sharpe,Max_DD,scheme_name,category,plan_type,StdDev_ann,AUM_crore
100016,0.0015935656456500524,-0.20151706755966933,-0.24734440880673303,HDFC Top 100 Fund - Regular Plan - Growth,Equity,Regular,0.14548134802183876,6434
100025,0.047718251695277436,-0.5670947928476847,-0.04308263824636349,HDFC Short Term Debt Fund - Regular - Growth,Debt,Regular,0.039052455281001604,27953
100033,0.3375958695571646,1.0936987435346308,-0.16217208574644848,HDFC Mid-Cap Opportunities Fund - Regular - Growth,Equity,Regular,0.18936710835214166,23185
101206,0.3272566097608747,1.0272133278753697,-0.11291596329323073,ABSL Frontline Equity Fund - Regular - Growth,Equity,Regular,0.14568212847454326,23500
101207,-0.0315942467620105,0.16266076928646758,-0.3544691649336603,ABSL Small Cap Fund - Regular - Growth,Equity,Regular,0.2579732221707774,41613
101208,0.06080205049018561,-0.8155673679088286,-0.0016224980244717857,ABSL Liquid Fund - Regular - Growth,Debt,Regular,0.005064371352310742,38995
102885,0.1825384585690104,0.8170993373494371,-0.1085986215250232,UTI Nifty 50 Index Fund - Regular - Growth,Equity,Regular,0.1283662839786056,7350
102886,-0.01993645366016883,-0.20583160785470306,-0.2800112356639287,UTI Mid Cap Fund - Regular - Growth,Equity,Regular,0.18134576297311303,41728
102887,0.26212376157937856,0.6195175900829829,-0.21539827112383225,UTI Flexi Cap Fund - Regular - Growth,Equity,Regular,0.15758366917912994,17912
118632,0.181852590182084,1.0816591793457044,-0.17414075086657232,Nippon India Large Cap Fund - Regular - Growth,Equity,Regular,0.14148352294996655,20909
118633,0.18485694594317437,0.6452074382933216,-0.18629743138595511,Nippon India Large Cap Fund - Direct - Growth,Equity,Direct,0.13997213649186155,39475
118634,0.08599903481542981,0.44843400890899143,-0.2334488614483311,Nippon India Small Cap Fund - Regular - Growth,Equity,Regular,0.2524152094634046,43630
118635,0.16656645561983252,0.664856998549062,-0.1165062450540909,Nippon India ETF Nifty 50 BeES,Equity,Direct,0.12983158874316306,20284
118636,0.042117574166855354,-0.3566295075143679,-0.08316361763638702,Nippon India Gilt Securities Fund - Regular - Growth,Debt,Regular,0.039855381553882616,30030
119092,0.006093199259856963,0.030784850954585913,-0.1440161790933726,Axis Bluechip Fund - Regular - Growth,Equity,Regular,0.13950661341123835,25803
119093,0.19927376280644427,0.1296144979566933,-0.21751396370148224,Axis Bluechip Fund - Direct - Growth,Equity,Direct,0.13983295593638856,15866
119094,0.36236320218826146,0.9982309868636414,-0.20960883862039192,Axis Midcap Fund - Regular - Growth,Equity,Regular,0.1940711742333472,28996
119095,-0.11218962208312377,-0.07597357117478937,-0.5167775370852656,Axis Small Cap Fund - Regular - Growth,Equity,Regular,0.2506658023260044,21545
119120,0.055578076192641435,-0.2265753866279158,-0.04328728923970093,SBI Magnum Gilt Fund - Regular Plan - Growth,Debt,Regular,0.039670623690338705,24101
119551,0.28193107333721334,1.208266567372718,-0.1501238549864533,SBI Bluechip Fund - Regular Plan - Growth,Equity,Regular,0.13741434141879644,14288
119552,0.15199091421256816,0.9532794968660105,-0.11803493502764295,SBI Bluechip Fund - Direct Plan - Growth,Equity,Direct,0.13939367612717501,1231
119598,0.2807585983623553,0.9453082575156094,-0.2870600572176455,SBI Small Cap Fund - Regular Plan - Growth,Equity,Regular,0.25140578624384674,19259
119599,0.0018484664592763878,-0.05718662582818005,-0.5257422117012851,SBI Small Cap Fund - Direct Plan - Growth,Equity,Direct,0.24950125122855862,36061
120503,0.14693231522347006,0.7979728586052847,-0.13897862823061635,ICICI Pru Bluechip Fund - Regular - Growth,Equity,Regular,0.1388443751311979,36022
120504,0.27886717505894776,1.0265242847993001,-0.12588275606922517,ICICI Pru Bluechip Fund - Direct - Growth,Equity,Direct,0.14363780566736659,41553
120505,0.2964993404956926,1.1801011976606492,-0.18188513572116294,ICICI Pru Midcap Fund - Regular - Growth,Equity,Regular,0.19290949406318195,979
120506,0.18098572298772764,0.6488787755249532,-0.1982565826298267,ICICI Pru Value Discovery Fund - Regular - Growth,Equity,Regular,0.15230516379673067,2571
120507,0.07063476974031735,0.49572339295331147,-0.0009773140045925555,ICICI Pru Liquid Fund - Regular - Growth,Debt,Regular,0.0049391262595120155,39116
120841,0.16446665078408862,0.4942725378672354,-0.1757361416468729,Kotak Bluechip Fund - Regular - Growth,Equity,Regular,0.13463795800784448,35585
120842,0.09896111385771578,0.07599984804658912,-0.24003511326274884,Kotak Emerging Equity Fund - Regular - Growth,Equity,Regular,0.17894715006571874,47469
120843,0.2541357504574635,1.3067439695428407,-0.1297396816518679,Kotak Flexicap Fund - Regular - Growth,Equity,Regular,0.1588698652360926,35012
120844,0.06555138646928649,-0.08874729621557495,-0.0011629327956168556,Kotak Liquid Fund - Regular - Growth,Debt,Regular,0.005133170487371137,27623
125497,0.1776826716893969,0.7757902498211209,-0.15200013055606398,HDFC Top 100 Fund - Direct Plan - Growth,Equity,Direct,0.14668866752399518,10611
125498,0.12564556862743115,0.3006119210425479,-0.21117279560132118,HDFC Mid-Cap Opportunities Fund - Direct - Growth,Equity,Direct,0.18352430087335778,18792
148567,0.31495335576695416,1.4482911703262602,-0.11265729075028275,Mirae Asset Large Cap Fund - Regular - Growth,Equity,Regular,0.1419370675462035,11361
148568,0.13526654355414114,0.9262873467360146,-0.1527259422823477,Mirae Asset Emerging Bluechip Fund - Regular - Growth,Equity,Regular,0.15429144469823297,49046
148569,0.23388973345158037,1.2349300257743299,-0.1639674294693263,Mirae Asset Tax Saver Fund - Regular - Growth,Equity,Regular,0.17674006691346694,2989
149322,0.1661251630174072,0.4640374492204777,-0.14844576917771746,DSP Top 100 Equity Fund - Regular - Growth,Equity,Regular,0.14353859818510503,41828
149323,0.23888131507039434,1.1321218524747247,-0.17248105753451382,DSP Midcap Fund - Regular - Growth,Equity,Regular,0.17746159397550842,37835
149324,0.25315693392596184,0.9497958246616032,-0.31171900300634214,DSP Small Cap Fund - Regular - Growth,Equity,Regular,0.24840205005242097,35124
