,date,nav
0,23-06-2026,203.54430
1,22-06-2026,204.12630
2,19-06-2026,202.07610
3,18-06-2026,200.95650
4,17-06-2026,199.83020
5,16-06-2026,198.61520
6,15-06-2026,198.03200
7,12-06-2026,196.55770
8,11-06-2026,192.67220
9,10-06-2026,193.43710
10,09-06-2026,194.38130
11,08-06-2026,191.90920
12,05-06-2026,194.75470
13,04-06-2026,194.52200
14,03-06-2026,194.08100
15,02-06-2026,193.12950
16,01-06-2026,192.31950
17,31-05-2026,193.68360
18,29-05-2026,193.68480
19,27-05-2026,195.05010
20,26-05-2026,194.22580
21,25-05-2026,193.55990
22,22-05-2026,192.12270
23,21-05-2026,191.75750
24,20-05-2026,189.86610
25,19-05-2026,189.55530
26,18-05-2026,187.91260
27,15-05-2026,190.24050
28,14-05-2026,189.93450
29,13-05-2026,190.46400
30,12-05-2026,190.61520
31,11-05-2026,195.58600
32,08-05-2026,196.88210
33,07-05-2026,197.47530
34,06-05-2026,196.00360
35,05-05-2026,194.56180
36,04-05-2026,195.44690
37,30-04-2026,193.41310
38,29-04-2026,194.15230
39,28-04-2026,193.48430
40,27-04-2026,193.83170
41,24-04-2026,191.04250
42,23-04-2026,193.03170
43,22-04-2026,194.19280
44,21-04-2026,192.63970
45,20-04-2026,191.05830
46,17-04-2026,190.52420
47,16-04-2026,188.33160
48,15-04-2026,187.27860
49,13-04-2026,184.34910
50,10-04-2026,184.69670
51,09-04-2026,181.24550
52,08-04-2026,180.57830
53,07-04-2026,174.83420
54,06-04-2026,174.91510
55,02-04-2026,173.84710
56,01-04-2026,173.78200
57,31-03-2026,169.37060
58,30-03-2026,169.37080
59,27-03-2026,172.47390
60,25-03-2026,175.42110
61,24-03-2026,172.00490
62,23-03-2026,169.10910
63,20-03-2026,174.62050
64,19-03-2026,173.90040
65,18-03-2026,177.49080
66,17-03-2026,174.06280
67,16-03-2026,173.81980
68,13-03-2026,173.97540
69,12-03-2026,177.98880
70,11-03-2026,178.38910
71,10-03-2026,178.84190
72,09-03-2026,175.77420
73,06-03-2026,178.97840
74,05-03-2026,179.32390
75,04-03-2026,177.99610
76,02-03-2026,181.31750
77,28-02-2026,184.75790
78,27-02-2026,184.75810
79,26-02-2026,186.09500
80,25-02-2026,186.04880
81,24-02-2026,186.20800
82,23-02-2026,187.57210
83,20-02-2026,186.22280
84,19-02-2026,186.66660
85,18-02-2026,188.21280
86,17-02-2026,187.64370
87,16-02-2026,185.84710
88,13-02-2026,187.23600
89,12-02-2026,189.60290
90,11-02-2026,189.74640
91,10-02-2026,189.01900
92,09-02-2026,188.46900
93,06-02-2026,184.62700
94,05-02-2026,185.69490
95,04-02-2026,186.77740
96,03-02-2026,186.70090
97,02-02-2026,180.54240
98,31-01-2026,183.30100
99,30-01-2026,183.30210
100,29-01-2026,179.94080
101,28-01-2026,181.08730
102,27-01-2026,179.55150
103,23-01-2026,179.80350
104,22-01-2026,182.75440
105,21-01-2026,181.53250
106,20-01-2026,181.83500
107,19-01-2026,185.40420
108,16-01-2026,186.97190
109,14-01-2026,187.33750
110,13-01-2026,187.65940
111,12-01-2026,186.18370
112,09-01-2026,187.09710
113,08-01-2026,190.16000
114,07-01-2026,193.31730
115,06-01-2026,193.70270
116,05-01-2026,194.37860
117,02-01-2026,194.57400
118,01-01-2026,193.64170
119,31-12-2025,193.77240
120,30-12-2025,191.95010
121,29-12-2025,192.54100
122,26-12-2025,192.59130
123,24-12-2025,193.28480
124,23-12-2025,193.26520
125,22-12-2025,192.25730
126,19-12-2025,191.11570
127,18-12-2025,189.54200
128,17-12-2025,190.06210
129,16-12-2025,191.31430
130,15-12-2025,193.13250
131,12-12-2025,192.33770
132,11-12-2025,191.49520
133,10-12-2025,191.25570
134,09-12-2025,191.35730
135,08-12-2025,190.15910
136,05-12-2025,193.14510
137,04-12-2025,193.45990
138,03-12-2025,194.33550
139,02-12-2025,194.43120
140,01-12-2025,195.36260
141,30-11-2025,194.97900
142,28-11-2025,194.97840
143,27-11-2025,195.14900
144,26-11-2025,195.85550
145,25-11-2025,194.20420
146,24-11-2025,193.90920
147,21-11-2025,194.25170
148,20-11-2025,196.07320
149,19-11-2025,196.52800
150,18-11-2025,196.94780
151,17-11-2025,197.92120
152,14-11-2025,197.06760
153,13-11-2025,196.54650
154,12-11-2025,196.88400
155,11-11-2025,196.44860
156,10-11-2025,196.24510
157,07-11-2025,197.31500
158,06-11-2025,197.80320
159,04-11-2025,200.46780
160,03-11-2025,200.97090
161,31-10-2025,199.82340
162,30-10-2025,200.51850
163,29-10-2025,201.03750
164,28-10-2025,200.63480
165,27-10-2025,199.79650
166,24-10-2025,198.41150
167,23-10-2025,198.75210
168,20-10-2025,197.52580
169,17-10-2025,197.10750
170,16-10-2025,196.95210
171,15-10-2025,194.70000
172,14-10-2025,193.39750
173,13-10-2025,194.53640
174,10-10-2025,195.11850
175,09-10-2025,195.03760
176,08-10-2025,195.85870
177,07-10-2025,196.42940
178,06-10-2025,196.54830
179,03-10-2025,196.29650
180,01-10-2025,195.08560
181,30-09-2025,193.88220
182,26-09-2025,194.09730
183,25-09-2025,197.34470
184,24-09-2025,198.88610
185,23-09-2025,199.45730
186,22-09-2025,200.25390
187,19-09-2025,201.30600
188,18-09-2025,201.54470
189,17-09-2025,201.82000
190,16-09-2025,201.17950
191,15-09-2025,200.09670
192,12-09-2025,199.07160
193,11-09-2025,198.98350
194,10-09-2025,198.70750
195,09-09-2025,198.24440
196,08-09-2025,197.44800
197,05-09-2025,197.59390
198,04-09-2025,197.68870
199,03-09-2025,197.63250
200,02-09-2025,196.23670
201,01-09-2025,195.73430
202,31-08-2025,193.75370
203,29-08-2025,193.75320
204,28-08-2025,194.48930
205,26-08-2025,195.59460
206,25-08-2025,198.78050
207,22-08-2025,199.11560
208,21-08-2025,200.05540
209,20-08-2025,198.84770
210,19-08-2025,198.03890
211,18-08-2025,196.92030
212,14-08-2025,193.41310
213,13-08-2025,192.92220
214,12-08-2025,192.70500
215,11-08-2025,193.15840
216,08-08-2025,191.95750
217,07-08-2025,193.00640
218,06-08-2025,193.57560
219,05-08-2025,194.97310
220,04-08-2025,195.65360
221,01-08-2025,194.95480
222,31-07-2025,197.48900
223,30-07-2025,198.45080
224,29-07-2025,197.81460
225,28-07-2025,197.46290
226,25-07-2025,199.43490
227,24-07-2025,202.72100
228,23-07-2025,203.90430
229,22-07-2025,203.37140
230,21-07-2025,203.80280
231,18-07-2025,204.03560
232,17-07-2025,204.90430
233,16-07-2025,203.68350
234,15-07-2025,203.92680
235,14-07-2025,202.01890
236,11-07-2025,201.26060
237,10-07-2025,201.59850
238,09-07-2025,201.32870
239,08-07-2025,200.43960
240,07-07-2025,200.32350
241,04-07-2025,200.67620
242,03-07-2025,200.01860
243,02-07-2025,199.34090
244,01-07-2025,200.26720
245,30-06-2025,200.31780
246,27-06-2025,198.06880
247,26-06-2025,197.22860
248,25-06-2025,197.44050
249,24-06-2025,194.48380
250,23-06-2025,192.97300
251,20-06-2025,192.58720
252,19-06-2025,192.15350
253,18-06-2025,194.74980
254,17-06-2025,194.49760
255,16-06-2025,194.31170
256,13-06-2025,193.87020
257,12-06-2025,194.31590
258,11-06-2025,196.31550
259,10-06-2025,196.32030
260,09-06-2025,196.22680
261,06-06-2025,194.43670
262,05-06-2025,193.46220
263,04-06-2025,193.32410
264,03-06-2025,193.35580
265,02-06-2025,193.01410
266,31-05-2025,192.67840
267,30-05-2025,192.67720
268,29-05-2025,192.49060
269,28-05-2025,192.23220
270,27-05-2025,191.69150
271,26-05-2025,192.01160
272,23-05-2025,190.74280
273,22-05-2025,190.22970
274,21-05-2025,190.27080
275,20-05-2025,190.16200
276,19-05-2025,192.00150
277,16-05-2025,190.55430
278,15-05-2025,189.77160
279,14-05-2025,188.34010
280,13-05-2025,185.91990
281,12-05-2025,185.51940
282,09-05-2025,180.30790
283,08-05-2025,181.21480
284,07-05-2025,182.51470
285,06-05-2025,180.87420
286,05-05-2025,183.67000
287,02-05-2025,181.67630
288,30-04-2025,181.85270
289,29-04-2025,184.47490
290,28-04-2025,184.79840
291,25-04-2025,184.38920
292,24-04-2025,187.44420
293,23-04-2025,187.49180
294,22-04-2025,187.45940
295,21-04-2025,186.10860
296,17-04-2025,183.49400
297,16-04-2025,182.67970
298,15-04-2025,181.46880
299,11-04-2025,177.35900
300,09-04-2025,173.40240
301,08-04-2025,174.61980
302,07-04-2025,171.89300
303,04-04-2025,176.88530
304,03-04-2025,181.02050
305,02-04-2025,180.50400
306,01-04-2025,178.30730
307,31-03-2025,178.56280
308,28-03-2025,178.55480
309,27-03-2025,178.65350
310,26-03-2025,178.86170
311,25-03-2025,181.14990
312,24-03-2025,181.66260
313,21-03-2025,179.87650
314,20-03-2025,177.25460
315,19-03-2025,176.27700
316,18-03-2025,174.30650
317,17-03-2025,170.84150
318,13-03-2025,170.44540
319,12-03-2025,170.91270
320,11-03-2025,170.81180
321,10-03-2025,171.88780
322,07-03-2025,173.64640
323,06-03-2025,173.05460
324,05-03-2025,170.53780
325,04-03-2025,167.41440
326,03-03-2025,166.53630
327,28-02-2025,167.27530
328,27-02-2025,169.27610
329,25-02-2025,170.57720
330,24-02-2025,171.02810
331,21-02-2025,173.19400
332,20-02-2025,173.72510
333,19-02-2025,172.85420
334,18-02-2025,170.63510
335,17-02-2025,172.60170
336,14-02-2025,173.70270
337,13-02-2025,177.22140
338,12-02-2025,178.06730
339,11-02-2025,178.80970
340,10-02-2025,183.49470
341,07-02-2025,186.60010
342,06-02-2025,188.22360
343,05-02-2025,188.00120
344,04-02-2025,187.74020
345,03-02-2025,186.58870
346,31-01-2025,185.89270
347,30-01-2025,183.94810
348,29-01-2025,184.47400
349,28-01-2025,179.99810
350,27-01-2025,181.15050
351,24-01-2025,184.83570
352,23-01-2025,187.60260
353,22-01-2025,186.99250
354,21-01-2025,189.03020
355,20-01-2025,191.86990
356,17-01-2025,190.54740
357,16-01-2025,191.54610
358,15-01-2025,190.29080
359,14-01-2025,189.43940
360,13-01-2025,187.97080
361,10-01-2025,194.09510
362,09-01-2025,197.39780
363,08-01-2025,199.10830
364,07-01-2025,201.51000
365,06-01-2025,199.93250
366,03-01-2025,204.74730
367,02-01-2025,204.95800
368,01-01-2025,204.01330
369,31-12-2024,202.02500
370,30-12-2024,200.94740
371,27-12-2024,202.27440
372,26-12-2024,201.17120
373,24-12-2024,201.91170
374,23-12-2024,201.82350
375,20-12-2024,203.86390
376,19-12-2024,208.18140
377,18-12-2024,208.90390
378,17-12-2024,209.14900
379,16-12-2024,209.93610
380,13-12-2024,209.47050
381,12-12-2024,209.13640
382,11-12-2024,210.48870
383,10-12-2024,210.19360
384,09-12-2024,209.11880
385,06-12-2024,207.77930
386,05-12-2024,206.96340
387,04-12-2024,206.87990
388,03-12-2024,205.61420
389,02-12-2024,203.06620
390,30-11-2024,203.23060
391,29-11-2024,203.22980
392,28-11-2024,202.20460
393,27-11-2024,202.23030
394,26-11-2024,201.59810
395,25-11-2024,201.24270
396,22-11-2024,196.96790
397,21-11-2024,196.01740
398,19-11-2024,196.91490
399,18-11-2024,194.96320
400,14-11-2024,195.88250
401,13-11-2024,194.60350
402,12-11-2024,198.66500
403,11-11-2024,201.17830
404,08-11-2024,202.85580
405,07-11-2024,204.91850
406,06-11-2024,205.59320
407,05-11-2024,203.88450
408,04-11-2024,204.18210
409,31-10-2024,204.70650
410,30-10-2024,201.17000
411,29-10-2024,199.66210
412,28-10-2024,198.76200
413,25-10-2024,199.02570
414,24-10-2024,202.37940
415,23-10-2024,204.16040
416,22-10-2024,204.11900
417,21-10-2024,209.18120
418,18-10-2024,212.42580
419,17-10-2024,212.58360
420,16-10-2024,214.61380
421,15-10-2024,214.67670
422,14-10-2024,212.70610
423,11-10-2024,211.86820
424,10-10-2024,211.20750
425,09-10-2024,211.46180
426,08-10-2024,209.71250
427,07-10-2024,205.93070
428,04-10-2024,210.64500
429,03-10-2024,211.10730
430,01-10-2024,214.27590
431,30-09-2024,213.85410
432,27-09-2024,213.82450
433,26-09-2024,212.39300
434,25-09-2024,213.20710
435,24-09-2024,212.94540
436,23-09-2024,213.66070
437,20-09-2024,212.07530
438,19-09-2024,211.29030
439,18-09-2024,212.19740
440,17-09-2024,212.87130
441,16-09-2024,213.11800
442,13-09-2024,212.68240
443,12-09-2024,211.28420
444,11-09-2024,210.11110
445,10-09-2024,211.83530
446,09-09-2024,208.70900
447,06-09-2024,209.50180
448,05-09-2024,210.08360
449,04-09-2024,208.90430
450,03-09-2024,209.17100
451,02-09-2024,208.31130
452,31-08-2024,208.41670
453,30-08-2024,208.41680
454,29-08-2024,207.04990
455,28-08-2024,207.89870
456,27-08-2024,207.49040
457,26-08-2024,206.78640
458,23-08-2024,206.38890
459,22-08-2024,206.14190
460,21-08-2024,205.69040
461,20-08-2024,204.27780
462,19-08-2024,204.10160
463,16-08-2024,202.84710
464,14-08-2024,200.55320
465,13-08-2024,201.61010
466,12-08-2024,202.17420
467,09-08-2024,201.56990
468,08-08-2024,201.09250
469,07-08-2024,202.00340
470,06-08-2024,199.01140
471,05-08-2024,199.56190
472,02-08-2024,206.20350
473,01-08-2024,207.84030
474,31-07-2024,208.43580
475,30-07-2024,208.69120
476,29-07-2024,208.25480
477,26-07-2024,205.42050
478,25-07-2024,203.74190
479,24-07-2024,204.46770
480,23-07-2024,201.70180
481,22-07-2024,202.03550
482,19-07-2024,200.73470
483,18-07-2024,203.60470
484,16-07-2024,204.64390
485,15-07-2024,204.26510
486,12-07-2024,204.37660
487,11-07-2024,205.33260
488,10-07-2024,204.00500
489,09-07-2024,204.74340
490,08-07-2024,203.95050
491,05-07-2024,204.89210
492,04-07-2024,203.57230
493,03-07-2024,202.90490
494,02-07-2024,200.59120
495,01-07-2024,200.45560
496,30-06-2024,197.87550
497,28-06-2024,197.87460
498,27-06-2024,197.54100
499,26-06-2024,198.68260
500,25-06-2024,199.28880
501,24-06-2024,198.96450
502,21-06-2024,198.84530
503,20-06-2024,198.73210
504,19-06-2024,197.86450
505,18-06-2024,198.25160
506,14-06-2024,198.12810
507,13-06-2024,196.43830
508,12-06-2024,195.44150
509,11-06-2024,193.73580
510,10-06-2024,192.35180
511,07-06-2024,189.56980
512,06-06-2024,186.50830
513,05-06-2024,183.04960
514,04-06-2024,178.35910
515,03-06-2024,186.91550
516,31-05-2024,183.55500
517,30-05-2024,181.99070
518,29-05-2024,183.91990
519,28-05-2024,183.29630
520,27-05-2024,183.96720
521,24-05-2024,184.22960
522,23-05-2024,184.86470
523,22-05-2024,185.17180
524,21-05-2024,184.77490
525,17-05-2024,183.66970
526,16-05-2024,181.91380
527,15-05-2024,179.54070
528,14-05-2024,177.76550
529,13-05-2024,175.80480
530,10-05-2024,175.77960
531,09-05-2024,174.97820
532,08-05-2024,179.08460
533,07-05-2024,178.25650
534,06-05-2024,179.81960
535,03-05-2024,180.58290
536,02-05-2024,181.82800
537,30-04-2024,181.43470
538,29-04-2024,181.05300
539,26-04-2024,180.42500
540,25-04-2024,180.43450
541,24-04-2024,179.53280
542,23-04-2024,178.20840
543,22-04-2024,177.25860
544,19-04-2024,175.64450
545,18-04-2024,174.74650
546,16-04-2024,174.64190
547,15-04-2024,174.15540
548,12-04-2024,175.80470
549,10-04-2024,176.92020
550,09-04-2024,175.30610
551,08-04-2024,175.56460
552,05-04-2024,175.35380
553,04-04-2024,174.63640
554,03-04-2024,173.69260
555,02-04-2024,172.32720
556,01-04-2024,171.31840
557,31-03-2024,167.81360
558,28-03-2024,167.81390
559,27-03-2024,167.18190
560,26-03-2024,166.38440
561,22-03-2024,166.58970
562,21-03-2024,165.01480
563,20-03-2024,162.07690
564,19-03-2024,162.38850
565,18-03-2024,163.10550
566,15-03-2024,162.61570
567,14-03-2024,162.56190
568,13-03-2024,160.58350
569,12-03-2024,166.20620
570,11-03-2024,168.47940
571,07-03-2024,169.98460
572,06-03-2024,168.78030
573,05-03-2024,171.44490
574,04-03-2024,172.01160
575,01-03-2024,171.38620
576,29-02-2024,169.96340
577,28-02-2024,169.67810
578,27-02-2024,171.15060
579,26-02-2024,170.77230
580,23-02-2024,170.75130
581,22-02-2024,169.45300
582,21-02-2024,169.26090
583,20-02-2024,169.79750
584,19-02-2024,169.64210
585,16-02-2024,169.68790
586,15-02-2024,168.78300
587,14-02-2024,168.05510
588,13-02-2024,166.35530
589,12-02-2024,165.36070
590,09-02-2024,168.08130
591,08-02-2024,168.68940
592,07-02-2024,168.70670
593,06-02-2024,168.02770
594,05-02-2024,165.80490
595,02-02-2024,166.81720
596,01-02-2024,166.51910
597,31-01-2024,167.08530
598,30-01-2024,163.88540
599,29-01-2024,164.24300
600,25-01-2024,163.06420
601,24-01-2024,162.90440
602,23-01-2024,161.13050
603,19-01-2024,162.83230
604,18-01-2024,162.26090
605,17-01-2024,162.90310
606,16-01-2024,164.43210
607,15-01-2024,165.01830
608,12-01-2024,164.21060
609,11-01-2024,163.71650
610,10-01-2024,162.75620
611,09-01-2024,162.83110
612,08-01-2024,162.59160
613,05-01-2024,163.74990
614,04-01-2024,162.76090
615,03-01-2024,162.10600
616,02-01-2024,162.06460
617,01-01-2024,161.42720
618,29-12-2023,161.23570
619,28-12-2023,159.96250
620,27-12-2023,159.80290
621,26-12-2023,159.32410
622,22-12-2023,159.20230
623,21-12-2023,158.63270
624,20-12-2023,157.12700
625,19-12-2023,161.06180
626,18-12-2023,161.43560
627,15-12-2023,161.54280
628,14-12-2023,161.06090
629,13-12-2023,159.94020
630,12-12-2023,159.44360
631,11-12-2023,159.79540
632,08-12-2023,159.55530
633,07-12-2023,159.95680
634,06-12-2023,159.48490
635,05-12-2023,159.50410
636,04-12-2023,158.81010
637,01-12-2023,157.41760
638,30-11-2023,157.43140
639,29-11-2023,155.71050
640,28-11-2023,155.64510
641,24-11-2023,154.68300
642,23-11-2023,154.39260
643,22-11-2023,154.43410
644,21-11-2023,154.97010
645,20-11-2023,153.98730
646,17-11-2023,153.40800
647,16-11-2023,152.83770
648,15-11-2023,152.73980
649,13-11-2023,151.31400
650,10-11-2023,150.57810
651,09-11-2023,150.39980
652,08-11-2023,150.53310
653,07-11-2023,150.04940
654,06-11-2023,149.59200
655,03-11-2023,148.72050
656,02-11-2023,147.81920
657,01-11-2023,147.15460
658,31-10-2023,147.56260
659,30-10-2023,147.19740
660,27-10-2023,147.27930
661,26-10-2023,145.45300
662,25-10-2023,146.78620
663,23-10-2023,148.01860
664,20-10-2023,152.89160
665,19-10-2023,153.63700
666,18-10-2023,153.62520
667,17-10-2023,153.48660
668,16-10-2023,152.97470
669,13-10-2023,151.99220
670,12-10-2023,152.01910
671,11-10-2023,151.72290
672,10-10-2023,150.85630
673,09-10-2023,149.68450
674,06-10-2023,151.72000
675,05-10-2023,151.05840
676,04-10-2023,150.84800
677,03-10-2023,151.72950
678,29-09-2023,151.24970
679,27-09-2023,151.75530
680,26-09-2023,151.15260
681,25-09-2023,151.19660
682,22-09-2023,151.25970
683,21-09-2023,150.82720
684,20-09-2023,152.93130
685,18-09-2023,152.70610
686,15-09-2023,153.19300
687,14-09-2023,153.13890
688,13-09-2023,151.90550
689,12-09-2023,151.65830
690,11-09-2023,154.99080
691,08-09-2023,153.84310
692,07-09-2023,153.15100
693,06-09-2023,151.61470
694,05-09-2023,151.76550
695,04-09-2023,151.57480
696,01-09-2023,150.41260
697,31-08-2023,150.23060
698,30-08-2023,149.28840
699,29-08-2023,148.56920
700,28-08-2023,148.10740
701,25-08-2023,147.08850
702,24-08-2023,147.62330
703,23-08-2023,147.66660
704,22-08-2023,147.42070
705,21-08-2023,145.96920
706,18-08-2023,145.49760
707,17-08-2023,145.50100
708,16-08-2023,145.84700
709,14-08-2023,145.33910
710,11-08-2023,145.58810
711,10-08-2023,145.47230
712,09-08-2023,146.32930
713,08-08-2023,145.50020
714,07-08-2023,145.72720
715,04-08-2023,145.71290
716,03-08-2023,145.07950
717,02-08-2023,145.42340
718,01-08-2023,146.74570
719,31-07-2023,146.15820
720,28-07-2023,144.58240
721,27-07-2023,143.83590
722,26-07-2023,143.61880
723,25-07-2023,143.18630
724,24-07-2023,143.18320
725,21-07-2023,142.80640
726,20-07-2023,143.06150
727,19-07-2023,142.43170
728,18-07-2023,141.89480
729,17-07-2023,142.20500
730,14-07-2023,141.09830
731,13-07-2023,140.34480
732,12-07-2023,140.80360
733,11-07-2023,139.90540
734,10-07-2023,139.47430
735,07-07-2023,139.51120
736,06-07-2023,139.62780
737,05-07-2023,138.95790
738,04-07-2023,138.28760
739,03-07-2023,138.67420
740,30-06-2023,138.08830
741,28-06-2023,137.56100
742,27-06-2023,137.51730
743,26-06-2023,137.17380
744,23-06-2023,136.35240
745,22-06-2023,137.25140
746,21-06-2023,137.85180
747,20-06-2023,137.38780
748,19-06-2023,137.02580
749,16-06-2023,137.26180
750,15-06-2023,136.67750
751,14-06-2023,136.54230
752,13-06-2023,135.98440
753,12-06-2023,134.70180
754,09-06-2023,134.11180
755,08-06-2023,134.56460
756,07-06-2023,134.98550
757,06-06-2023,133.57340
758,05-06-2023,133.11770
759,02-06-2023,132.61400
760,01-06-2023,132.33410
761,31-05-2023,132.29130
762,30-05-2023,131.90120
763,29-05-2023,131.71390
764,26-05-2023,131.58210
765,25-05-2023,131.16350
766,24-05-2023,130.98640
767,23-05-2023,130.87000
768,22-05-2023,131.12640
769,19-05-2023,130.23830
770,18-05-2023,130.64470
771,17-05-2023,130.56820
772,16-05-2023,130.81270
773,15-05-2023,130.52590
774,12-05-2023,130.14330
775,11-05-2023,130.28510
776,10-05-2023,129.45460
777,09-05-2023,128.82740
778,08-05-2023,128.98770
779,05-05-2023,127.73710
780,04-05-2023,128.18460
781,03-05-2023,127.49300
782,02-05-2023,127.35450
783,28-04-2023,127.17120
784,27-04-2023,126.33800
785,26-04-2023,125.86180
786,25-04-2023,125.39490
787,24-04-2023,125.37200
788,21-04-2023,125.22840
789,20-04-2023,125.37920
790,19-04-2023,124.62460
791,18-04-2023,124.32440
792,17-04-2023,124.27280
793,13-04-2023,123.99110
794,12-04-2023,123.68080
795,11-04-2023,123.22150
796,10-04-2023,122.94160
797,06-04-2023,122.78110
798,05-04-2023,122.62120
799,03-04-2023,122.12710
800,31-03-2023,121.71440
801,29-03-2023,120.03710
802,28-03-2023,118.30580
803,27-03-2023,119.38300
804,24-03-2023,120.27450
805,23-03-2023,121.70650
806,22-03-2023,121.41560
807,21-03-2023,120.99530
808,20-03-2023,120.33440
809,17-03-2023,121.44600
810,16-03-2023,120.94170
811,15-03-2023,121.86050
812,14-03-2023,121.75290
813,13-03-2023,122.77710
814,10-03-2023,124.21100
815,09-03-2023,124.55020
816,08-03-2023,124.74690
817,06-03-2023,124.83390
818,03-03-2023,123.94810
819,02-03-2023,123.39930
820,01-03-2023,123.66500
821,28-02-2023,122.87010
822,27-02-2023,122.05520
823,24-02-2023,123.17770
824,23-02-2023,123.05130
825,22-02-2023,123.39200
826,21-02-2023,124.51720
827,20-02-2023,124.98140
828,17-02-2023,125.11190
829,16-02-2023,124.97140
830,15-02-2023,124.45060
831,14-02-2023,124.09160
832,13-02-2023,124.40560
833,10-02-2023,125.17020
834,09-02-2023,124.73790
835,08-02-2023,125.11170
836,07-02-2023,124.41820
837,06-02-2023,123.99210
838,03-02-2023,124.29070
839,02-02-2023,124.00830
840,01-02-2023,123.47840
841,31-01-2023,124.31380
842,30-01-2023,122.36330
843,27-01-2023,122.69620
844,25-01-2023,123.75220
845,24-01-2023,124.13280
846,23-01-2023,124.42500
847,20-01-2023,124.80500
848,19-01-2023,125.54330
849,18-01-2023,125.71860
850,17-01-2023,125.80740
851,16-01-2023,125.98320
852,13-01-2023,126.05880
853,12-01-2023,126.19640
854,11-01-2023,125.90800
855,10-01-2023,125.80040
856,09-01-2023,126.44620
857,06-01-2023,125.71850
858,05-01-2023,126.73270
859,04-01-2023,126.72660
860,03-01-2023,127.70460
861,02-01-2023,127.84040
862,30-12-2022,127.33480
863,29-12-2022,127.02110
864,28-12-2022,126.64490
865,27-12-2022,126.32000
866,26-12-2022,125.30490
867,23-12-2022,122.57510
868,22-12-2022,125.96630
869,21-12-2022,128.15640
870,20-12-2022,130.28140
871,19-12-2022,129.92220
872,16-12-2022,129.88910
873,15-12-2022,130.95910
874,14-12-2022,131.99510
875,13-12-2022,131.07840
876,12-12-2022,130.62560
877,09-12-2022,130.59030
878,08-12-2022,131.32880
879,07-12-2022,130.61840
880,06-12-2022,130.92860
881,05-12-2022,131.04080
882,02-12-2022,130.68550
883,01-12-2022,130.27580
884,30-11-2022,129.50970
885,29-11-2022,128.54400
886,28-11-2022,129.01660
887,25-11-2022,128.55620
888,24-11-2022,128.25670
889,23-11-2022,127.74930
890,22-11-2022,127.42690
891,21-11-2022,127.65350
892,18-11-2022,127.40220
893,17-11-2022,128.07440
894,16-11-2022,128.11350
895,15-11-2022,127.40280
896,14-11-2022,127.49320
897,11-11-2022,127.74700
898,10-11-2022,127.72200
899,09-11-2022,128.44300
900,07-11-2022,128.99030
901,04-11-2022,128.61500
902,03-11-2022,128.43450
903,02-11-2022,128.45680
904,01-11-2022,127.86030
905,31-10-2022,127.64110
906,28-10-2022,127.84950
907,27-10-2022,128.57420
908,25-10-2022,128.14430
909,21-10-2022,127.68500
910,20-10-2022,128.71590
911,19-10-2022,128.66490
912,18-10-2022,128.08460
913,17-10-2022,127.49360
914,14-10-2022,127.33710
915,13-10-2022,127.08320
916,12-10-2022,127.81170
917,11-10-2022,127.55030
918,10-10-2022,128.28790
919,07-10-2022,129.38890
920,06-10-2022,128.88440
921,04-10-2022,128.24360
922,03-10-2022,127.13510
923,30-09-2022,126.73840
924,29-09-2022,125.20230
925,28-09-2022,124.43190
926,27-09-2022,124.64060
927,26-09-2022,123.84370
928,23-09-2022,126.96710
929,22-09-2022,128.60600
930,21-09-2022,128.62300
931,20-09-2022,128.89830
932,19-09-2022,127.81660
933,16-09-2022,128.00290
934,15-09-2022,130.84770
935,14-09-2022,131.51050
936,13-09-2022,130.99840
937,12-09-2022,131.27110
938,09-09-2022,130.16620
939,08-09-2022,129.83880
940,07-09-2022,128.99030
941,06-09-2022,127.81200
942,05-09-2022,126.98830
943,02-09-2022,126.10910
944,01-09-2022,124.82650
945,30-08-2022,124.71270
946,29-08-2022,123.24180
947,26-08-2022,123.65620
948,25-08-2022,123.25720
949,24-08-2022,122.91310
950,23-08-2022,122.13780
951,22-08-2022,121.15940
952,19-08-2022,121.89630
953,18-08-2022,123.10310
954,17-08-2022,122.70030
955,16-08-2022,122.57980
956,12-08-2022,122.14650
957,11-08-2022,122.04360
958,10-08-2022,121.78950
959,08-08-2022,120.85290
960,05-08-2022,119.50010
961,04-08-2022,119.53510
962,03-08-2022,119.36710
963,02-08-2022,119.67090
964,01-08-2022,118.42850
965,29-07-2022,115.82620
966,28-07-2022,115.42120
967,27-07-2022,114.22380
968,26-07-2022,113.93630
969,25-07-2022,114.32510
970,22-07-2022,114.09000
971,21-07-2022,113.40940
972,20-07-2022,112.98680
973,19-07-2022,112.80460
974,18-07-2022,111.93220
975,15-07-2022,111.19870
976,14-07-2022,110.55230
977,13-07-2022,110.68760
978,12-07-2022,110.52170
979,11-07-2022,111.37350
980,08-07-2022,110.32050
981,07-07-2022,110.09590
982,06-07-2022,109.45310
983,05-07-2022,108.90190
984,04-07-2022,108.08600
985,01-07-2022,107.25110
986,30-06-2022,107.34470
987,29-06-2022,107.52980
988,28-06-2022,107.84570
989,27-06-2022,107.74300
990,24-06-2022,106.56300
991,23-06-2022,105.58260
992,22-06-2022,104.27180
993,21-06-2022,104.87010
994,20-06-2022,103.20490
995,17-06-2022,104.89110
996,16-06-2022,105.83600
997,15-06-2022,107.95690
998,14-06-2022,107.76550
999,13-06-2022,108.19730
1000,10-06-2022,110.36110
1001,09-06-2022,110.77300
1002,08-06-2022,110.69600
1003,07-06-2022,110.87410
1004,06-06-2022,111.46800
1005,03-06-2022,111.68540
1006,02-06-2022,113.04470
1007,01-06-2022,113.04690
1008,31-05-2022,111.39850
1009,30-05-2022,110.88540
1010,27-05-2022,109.12390
1011,26-05-2022,109.06410
1012,25-05-2022,108.47360
1013,24-05-2022,110.35920
1014,23-05-2022,110.71940
1015,20-05-2022,110.52060
1016,19-05-2022,109.17370
1017,18-05-2022,110.42420
1018,17-05-2022,110.51260
1019,16-05-2022,108.38100
1020,13-05-2022,107.04810
1021,12-05-2022,106.82650
1022,11-05-2022,108.19240
1023,10-05-2022,109.62780
1024,09-05-2022,111.10720
1025,06-05-2022,111.91700
1026,05-05-2022,113.39280
1027,04-05-2022,113.54790
1028,02-05-2022,115.66750
1029,29-04-2022,116.43710
1030,28-04-2022,117.26540
1031,27-04-2022,116.32390
1032,26-04-2022,116.53810
1033,25-04-2022,115.73640
1034,22-04-2022,116.98770
1035,21-04-2022,117.06810
1036,20-04-2022,116.07930
1037,19-04-2022,116.06710
1038,18-04-2022,117.00860
1039,13-04-2022,117.55220
1040,12-04-2022,117.62720
1041,11-04-2022,118.74340
1042,08-04-2022,118.15900
1043,07-04-2022,117.38080
1044,06-04-2022,117.96150
1045,05-04-2022,117.67290
1046,04-04-2022,116.18190
1047,01-04-2022,114.86550
1048,31-03-2022,113.38810
1049,30-03-2022,113.39380
1050,29-03-2022,112.83300
1051,28-03-2022,111.37730
1052,25-03-2022,111.84140
1053,24-03-2022,112.12900
1054,23-03-2022,112.05940
1055,22-03-2022,111.81360
1056,21-03-2022,111.80340
1057,17-03-2022,112.12780
1058,16-03-2022,111.49960
1059,15-03-2022,110.79150
1060,14-03-2022,111.37760
1061,11-03-2022,110.39590
1062,10-03-2022,109.83990
1063,09-03-2022,108.75360
1064,08-03-2022,107.10740
1065,07-03-2022,106.65620
1066,04-03-2022,108.44320
1067,03-03-2022,109.95230
1068,02-03-2022,109.78980
1069,28-02-2022,109.87350
1070,25-02-2022,109.14470
1071,24-02-2022,105.59190
1072,23-02-2022,109.88920
1073,22-02-2022,109.24150
1074,21-02-2022,110.55550
1075,18-02-2022,112.61630
1076,17-02-2022,113.00940
1077,16-02-2022,113.47020
1078,15-02-2022,112.28590
1079,14-02-2022,111.16490
1080,11-02-2022,114.58050
1081,10-02-2022,116.36100
1082,09-02-2022,116.66280
1083,08-02-2022,116.98970
1084,07-02-2022,118.12130
1085,04-02-2022,118.17790
1086,03-02-2022,117.93840
1087,02-02-2022,118.29250
1088,01-02-2022,116.86150
1089,31-01-2022,115.13830
1090,28-01-2022,113.75420
1091,27-01-2022,113.46440
1092,25-01-2022,114.92650
1093,24-01-2022,113.83880
1094,21-01-2022,118.88710
1095,20-01-2022,120.13110
1096,19-01-2022,120.16820
1097,18-01-2022,120.37380
1098,17-01-2022,121.88900
1099,14-01-2022,121.51440
1100,13-01-2022,120.61450
1101,12-01-2022,120.50300
1102,11-01-2022,119.21220
1103,10-01-2022,119.25900
1104,07-01-2022,118.05780
1105,06-01-2022,118.07800
1106,05-01-2022,117.84490
1107,04-01-2022,117.99370
1108,03-01-2022,117.82950
1109,31-12-2021,116.51350
1110,30-12-2021,115.03920
1111,29-12-2021,115.10700
1112,28-12-2021,114.18700
1113,27-12-2021,113.10130
1114,24-12-2021,113.00340
1115,23-12-2021,114.06030
1116,22-12-2021,113.50080
1117,21-12-2021,112.13470
1118,20-12-2021,111.42910
1119,17-12-2021,114.41820
1120,16-12-2021,115.56210
1121,15-12-2021,116.73340
1122,14-12-2021,116.56610
1123,13-12-2021,116.67310
1124,10-12-2021,117.02950
1125,09-12-2021,116.41890
1126,08-12-2021,115.99550
1127,07-12-2021,115.56930
1128,06-12-2021,114.23750
1129,03-12-2021,115.49890
1130,02-12-2021,115.18030
1131,01-12-2021,114.52250
1132,30-11-2021,114.60610
1133,29-11-2021,112.04060
1134,26-11-2021,113.75810
1135,25-11-2021,117.33650
1136,24-11-2021,116.93820
1137,23-11-2021,115.76250
1138,22-11-2021,114.56340
1139,18-11-2021,116.99580
1140,17-11-2021,118.15130
1141,16-11-2021,118.62130
1142,15-11-2021,119.23900
1143,12-11-2021,119.29120
1144,11-11-2021,118.42350
1145,10-11-2021,117.90590
1146,09-11-2021,117.90770
1147,08-11-2021,117.30550
1148,03-11-2021,115.52220
1149,02-11-2021,115.51780
1150,01-11-2021,114.25790
1151,29-10-2021,113.67150
1152,28-10-2021,113.47500
1153,27-10-2021,114.11780
1154,26-10-2021,113.51630
1155,25-10-2021,111.99620
1156,22-10-2021,113.43480
1157,21-10-2021,113.88610
1158,20-10-2021,113.49120
1159,19-10-2021,116.25450
1160,18-10-2021,117.52220
1161,14-10-2021,116.69190
1162,13-10-2021,116.44360
1163,12-10-2021,115.22740
1164,11-10-2021,115.13360
1165,08-10-2021,114.39720
1166,07-10-2021,113.95120
1167,06-10-2021,112.53830
1168,05-10-2021,112.87150
1169,04-10-2021,112.83350
1170,01-10-2021,110.93850
1171,30-09-2021,110.16720
1172,29-09-2021,109.48820
1173,28-09-2021,109.44540
1174,27-09-2021,109.31300
1175,24-09-2021,109.54360
1176,23-09-2021,110.20110
1177,22-09-2021,109.01440
1178,21-09-2021,107.98110
1179,20-09-2021,107.53320
1180,17-09-2021,109.08420
1181,16-09-2021,110.18800
1182,15-09-2021,110.32950
1183,14-09-2021,109.56390
1184,13-09-2021,108.35570
1185,09-09-2021,108.12890
1186,08-09-2021,107.14160
1187,07-09-2021,106.92630
1188,06-09-2021,107.11490
1189,03-09-2021,106.51710
1190,02-09-2021,106.49160
1191,01-09-2021,105.66160
1192,31-08-2021,105.62140
1193,30-08-2021,104.64800
1194,27-08-2021,102.81370
1195,26-08-2021,102.16200
1196,25-08-2021,101.53200
1197,24-08-2021,101.07150
1198,23-08-2021,100.06500
1199,20-08-2021,101.31540
1200,18-08-2021,102.77920
1201,17-08-2021,102.99480
1202,16-08-2021,102.68180
1203,13-08-2021,103.11560
1204,12-08-2021,102.83510
1205,11-08-2021,101.57780
1206,10-08-2021,102.73900
1207,09-08-2021,104.26970
1208,06-08-2021,104.80690
1209,05-08-2021,104.99800
1210,04-08-2021,105.45790
1211,03-08-2021,106.39290
1212,02-08-2021,106.10170
1213,30-07-2021,105.37140
1214,29-07-2021,104.89030
1215,28-07-2021,103.61700
1216,27-07-2021,103.89140
1217,26-07-2021,104.40830
1218,23-07-2021,104.39720
1219,22-07-2021,104.15310
1220,20-07-2021,103.36030
1221,19-07-2021,104.80460
1222,16-07-2021,104.99140
1223,15-07-2021,105.06950
1224,14-07-2021,105.25640
1225,13-07-2021,104.67460
1226,12-07-2021,104.10410
1227,09-07-2021,103.16640
1228,08-07-2021,103.09630
1229,07-07-2021,103.59810
1230,06-07-2021,102.89880
1231,05-07-2021,102.47920
1232,02-07-2021,101.80670
1233,01-07-2021,101.14200
1234,30-06-2021,100.97560
1235,29-06-2021,100.50420
1236,28-06-2021,100.78620
1237,25-06-2021,100.11550
1238,24-06-2021,99.77290
1239,23-06-2021,99.71000
1240,22-06-2021,99.36600
1241,21-06-2021,98.81950
1242,18-06-2021,98.43440
1243,17-06-2021,98.60260
1244,16-06-2021,99.13380
1245,15-06-2021,99.60140
1246,14-06-2021,99.23390
1247,11-06-2021,99.83450
1248,10-06-2021,99.96540
1249,09-06-2021,99.00360
1250,08-06-2021,100.11220
1251,07-06-2021,99.94910
1252,04-06-2021,98.85390
1253,03-06-2021,98.12500
1254,02-06-2021,98.07960
1255,01-06-2021,97.20440
1256,31-05-2021,97.38000
1257,28-05-2021,97.24830
1258,27-05-2021,97.90630
1259,26-05-2021,97.34370
1260,25-05-2021,96.89920
1261,24-05-2021,96.03050
1262,21-05-2021,95.39140
1263,20-05-2021,95.03160
1264,19-05-2021,94.75580
1265,18-05-2021,93.92250
1266,17-05-2021,92.95850
1267,14-05-2021,92.27650
1268,12-05-2021,92.91240
1269,11-05-2021,93.57370
1270,10-05-2021,92.84600
1271,07-05-2021,92.21350
1272,06-05-2021,92.11860
1273,05-05-2021,92.05770
1274,04-05-2021,91.36260
1275,03-05-2021,91.38280
1276,30-04-2021,90.47520
1277,29-04-2021,90.61730
1278,28-04-2021,90.33200
1279,27-04-2021,89.57120
1280,26-04-2021,88.55580
1281,23-04-2021,87.91490
1282,22-04-2021,87.76700
1283,20-04-2021,87.19480
1284,19-04-2021,86.77830
1285,16-04-2021,87.38880
1286,15-04-2021,87.12590
1287,13-04-2021,86.95160
1288,12-04-2021,86.27200
1289,09-04-2021,90.00910
1290,08-04-2021,89.99640
1291,07-04-2021,88.90630
1292,06-04-2021,88.34190
1293,05-04-2021,87.59760
1294,01-04-2021,88.49030
1295,31-03-2021,87.47370
1296,30-03-2021,86.69770
1297,26-03-2021,85.50870
1298,25-03-2021,84.66980
1299,24-03-2021,86.17170
1300,23-03-2021,87.52120
1301,22-03-2021,86.41560
1302,19-03-2021,85.74980
1303,18-03-2021,86.04650
1304,17-03-2021,87.27320
1305,16-03-2021,88.56820
1306,15-03-2021,88.59630
1307,12-03-2021,88.93150
1308,10-03-2021,88.69660
1309,09-03-2021,88.31610
1310,08-03-2021,88.58760
1311,05-03-2021,88.22520
1312,04-03-2021,88.96230
1313,03-03-2021,88.49230
1314,02-03-2021,87.76620
1315,01-03-2021,86.89470
1316,26-02-2021,85.78780
1317,25-02-2021,86.35880
1318,24-02-2021,84.79360
1319,23-02-2021,84.01350
1320,22-02-2021,83.66080
1321,19-02-2021,84.92730
1322,18-02-2021,85.53170
1323,17-02-2021,84.81930
1324,16-02-2021,84.58710
1325,15-02-2021,85.02760
1326,12-02-2021,84.58640
1327,11-02-2021,84.16940
1328,10-02-2021,83.38640
1329,09-02-2021,83.13030
1330,08-02-2021,83.49240
1331,05-02-2021,82.61530
1332,04-02-2021,82.44530
1333,03-02-2021,81.65380
1334,02-02-2021,80.62250
1335,01-02-2021,79.43440
1336,29-01-2021,77.85370
1337,28-01-2021,77.70090
1338,27-01-2021,78.24940
1339,25-01-2021,78.98670
1340,22-01-2021,79.60840
1341,21-01-2021,80.50940
1342,20-01-2021,80.62590
1343,19-01-2021,80.61730
1344,18-01-2021,79.44010
1345,15-01-2021,80.53020
1346,14-01-2021,81.09440
1347,13-01-2021,81.60650
1348,12-01-2021,81.98530
1349,11-01-2021,82.09490
1350,08-01-2021,82.40470
1351,07-01-2021,81.86890
1352,06-01-2021,80.87950
1353,05-01-2021,80.68970
1354,04-01-2021,79.91780
1355,01-01-2021,78.96100
1356,31-12-2020,78.13960
1357,30-12-2020,78.16080
1358,29-12-2020,77.93780
1359,28-12-2020,77.20100
1360,24-12-2020,76.26520
1361,23-12-2020,75.99500
1362,22-12-2020,74.44380
1363,21-12-2020,74.34310
1364,18-12-2020,76.63510
1365,17-12-2020,76.94640
1366,16-12-2020,77.13520
1367,15-12-2020,76.85270
1368,14-12-2020,76.73020
1369,11-12-2020,76.18970
1370,10-12-2020,76.02580
1371,09-12-2020,76.36330
1372,08-12-2020,76.03470
1373,07-12-2020,76.27570
1374,04-12-2020,75.25310
1375,03-12-2020,74.51880
1376,02-12-2020,74.09610
1377,01-12-2020,73.91510
1378,27-11-2020,73.11050
1379,26-11-2020,71.43940
1380,25-11-2020,71.28590
1381,24-11-2020,72.03940
1382,23-11-2020,71.31080
1383,20-11-2020,70.68970
1384,19-11-2020,70.32570
1385,18-11-2020,70.07870
1386,17-11-2020,69.25850
1387,13-11-2020,67.89750
1388,12-11-2020,67.08740
1389,11-11-2020,66.66850
1390,10-11-2020,66.49610
1391,09-11-2020,66.57070
1392,06-11-2020,65.76100
1393,05-11-2020,65.36320
1394,04-11-2020,64.67030
1395,03-11-2020,64.27570
1396,02-11-2020,63.95820
1397,30-10-2020,64.04220
1398,29-10-2020,63.87380
1399,28-10-2020,64.12640
1400,27-10-2020,64.29050
1401,26-10-2020,64.14670
1402,23-10-2020,64.41670
1403,22-10-2020,63.92640
1404,21-10-2020,63.76260
1405,20-10-2020,63.71480
1406,19-10-2020,63.79330
1407,16-10-2020,63.28830
1408,15-10-2020,62.55860
1409,14-10-2020,63.46370
1410,13-10-2020,62.86580
1411,12-10-2020,62.75970
1412,09-10-2020,63.29060
1413,08-10-2020,63.48170
1414,07-10-2020,64.10250
1415,06-10-2020,64.26170
1416,05-10-2020,64.35350
1417,01-10-2020,64.10930
1418,30-09-2020,63.80230
1419,29-09-2020,63.63050
1420,28-09-2020,63.56630
1421,25-09-2020,62.48450
1422,24-09-2020,61.64670
1423,23-09-2020,62.70630
1424,22-09-2020,62.81530
1425,21-09-2020,63.95850
1426,18-09-2020,65.71470
1427,17-09-2020,66.27420
1428,16-09-2020,66.70090
1429,15-09-2020,66.51880
1430,14-09-2020,65.83310
1431,11-09-2020,62.93640
1432,10-09-2020,62.98380
1433,09-09-2020,61.99760
1434,08-09-2020,62.69250
1435,07-09-2020,63.14550
1436,04-09-2020,63.04490
1437,03-09-2020,63.62770
1438,02-09-2020,63.54330
1439,01-09-2020,62.32650
1440,31-08-2020,62.35880
1441,28-08-2020,65.03450
1442,27-08-2020,65.03040
1443,26-08-2020,64.64390
1444,25-08-2020,64.20120
1445,24-08-2020,64.21660
1446,21-08-2020,63.20560
1447,20-08-2020,62.30870
1448,19-08-2020,61.77670
1449,18-08-2020,61.56860
1450,17-08-2020,61.00840
1451,14-08-2020,60.85190
1452,13-08-2020,60.70920
1453,12-08-2020,59.28590
1454,11-08-2020,58.99220
1455,10-08-2020,58.72160
1456,07-08-2020,57.97240
1457,06-08-2020,57.69790
1458,05-08-2020,57.00650
1459,04-08-2020,56.55650
1460,03-08-2020,56.01470
1461,31-07-2020,55.30080
1462,30-07-2020,55.01940
1463,29-07-2020,55.12990
1464,28-07-2020,55.23620
1465,27-07-2020,55.50970
1466,24-07-2020,56.10870
1467,23-07-2020,55.99010
1468,22-07-2020,55.56520
1469,21-07-2020,55.42380
1470,20-07-2020,54.90450
1471,17-07-2020,54.54600
1472,16-07-2020,54.26330
1473,15-07-2020,54.45790
1474,14-07-2020,54.25740
1475,13-07-2020,54.53980
1476,10-07-2020,54.93760
1477,09-07-2020,54.99560
1478,08-07-2020,54.50730
1479,07-07-2020,54.93200
1480,06-07-2020,54.79150
1481,03-07-2020,53.93670
1482,02-07-2020,53.46330
1483,01-07-2020,53.05260
1484,30-06-2020,52.82190
1485,29-06-2020,52.94460
1486,26-06-2020,53.45770
1487,25-06-2020,53.19150
1488,24-06-2020,53.24950
1489,23-06-2020,53.61290
1490,22-06-2020,53.26470
1491,19-06-2020,52.35010
1492,18-06-2020,51.56850
1493,17-06-2020,50.97340
1494,16-06-2020,50.76750
1495,15-06-2020,51.00410
1496,12-06-2020,50.86480
1497,11-06-2020,50.64260
1498,10-06-2020,51.41190
1499,09-06-2020,51.17140
1500,08-06-2020,51.74510
1501,05-06-2020,51.30080
1502,04-06-2020,50.79800
1503,03-06-2020,50.97220
1504,02-06-2020,50.23200
1505,01-06-2020,49.36350
1506,29-05-2020,47.87480
1507,28-05-2020,47.14340
1508,27-05-2020,46.53540
1509,26-05-2020,46.41930
1510,22-05-2020,46.21320
1511,21-05-2020,46.59470
1512,20-05-2020,46.25630
1513,19-05-2020,45.72500
1514,18-05-2020,45.87810
1515,15-05-2020,46.93310
1516,14-05-2020,46.83280
1517,13-05-2020,47.53490
1518,12-05-2020,46.64270
1519,11-05-2020,46.93450
1520,08-05-2020,47.01970
1521,07-05-2020,47.40150
1522,06-05-2020,47.55080
1523,05-05-2020,47.51520
1524,04-05-2020,48.00180
1525,30-04-2020,49.40210
1526,29-04-2020,48.91500
1527,28-04-2020,48.42860
1528,27-04-2020,48.08460
1529,24-04-2020,47.87990
1530,23-04-2020,48.64640
1531,22-04-2020,48.30700
1532,21-04-2020,47.78740
1533,20-04-2020,48.89510
1534,17-04-2020,47.94620
1535,16-04-2020,47.00440
1536,15-04-2020,46.66210
1537,13-04-2020,46.37370
1538,09-04-2020,46.78910
1539,08-04-2020,45.76780
1540,07-04-2020,45.12100
1541,03-04-2020,43.69810
1542,01-04-2020,43.77730
1543,31-03-2020,44.29980
1544,30-03-2020,43.16130
1545,27-03-2020,44.25520
1546,26-03-2020,43.70480
1547,25-03-2020,42.29050
1548,24-03-2020,41.26000
1549,23-03-2020,41.31100
1550,20-03-2020,45.74680
1551,19-03-2020,45.26420
1552,18-03-2020,47.07830
1553,17-03-2020,49.93710
1554,16-03-2020,50.89990
1555,13-03-2020,53.15760
1556,12-03-2020,53.16170
1557,11-03-2020,56.66720
1558,09-03-2020,56.77010
1559,06-03-2020,58.52360
1560,05-03-2020,59.27270
1561,04-03-2020,58.83080
1562,03-03-2020,59.70230
1563,02-03-2020,59.43570
1564,28-02-2020,59.45000
1565,27-02-2020,61.08990
1566,26-02-2020,61.16490
1567,25-02-2020,61.60150
1568,24-02-2020,61.79420
1569,20-02-2020,62.37270
1570,19-02-2020,62.26000
1571,18-02-2020,61.55950
1572,17-02-2020,62.04690
1573,14-02-2020,62.24190
1574,13-02-2020,62.21810
1575,12-02-2020,62.20580
1576,11-02-2020,62.19210
1577,10-02-2020,61.90860
1578,07-02-2020,62.31670
1579,06-02-2020,62.08900
1580,05-02-2020,62.06060
1581,04-02-2020,61.78830
1582,03-02-2020,60.88720
1583,31-01-2020,61.75430
1584,30-01-2020,61.81340
1585,29-01-2020,62.13240
1586,28-01-2020,62.08860
1587,27-01-2020,61.96560
1588,24-01-2020,61.83930
1589,23-01-2020,61.14880
1590,22-01-2020,60.84690
1591,21-01-2020,60.72750
1592,20-01-2020,60.97090
1593,17-01-2020,60.89520
1594,16-01-2020,60.21890
1595,15-01-2020,59.67950
1596,14-01-2020,59.28950
1597,13-01-2020,59.17260
1598,10-01-2020,58.90760
1599,09-01-2020,58.64070
1600,08-01-2020,57.98680
1601,07-01-2020,58.21070
1602,06-01-2020,57.73290
1603,03-01-2020,58.68720
1604,02-01-2020,58.39880
1605,01-01-2020,57.88600
1606,31-12-2019,57.80930
1607,30-12-2019,57.79810
1608,27-12-2019,57.76820
1609,26-12-2019,57.48460
1610,24-12-2019,57.41960
1611,23-12-2019,57.57560
1612,20-12-2019,57.66490
1613,19-12-2019,57.30510
1614,18-12-2019,57.12740
1615,17-12-2019,57.31550
1616,16-12-2019,56.99090
1617,13-12-2019,57.29570
1618,12-12-2019,56.71410
1619,11-12-2019,56.62080
1620,10-12-2019,56.81760
1621,09-12-2019,57.30440
1622,06-12-2019,57.63230
1623,05-12-2019,58.24590
1624,04-12-2019,58.33970
1625,03-12-2019,57.95420
1626,02-12-2019,58.05330
1627,29-11-2019,57.98390
1628,28-11-2019,57.74410
1629,27-11-2019,57.82500
1630,26-11-2019,57.92580
1631,25-11-2019,58.23730
1632,22-11-2019,58.05550
1633,21-11-2019,58.02320
1634,20-11-2019,57.83570
1635,19-11-2019,57.82660
1636,18-11-2019,57.78940
1637,15-11-2019,57.71000
1638,14-11-2019,57.82730
1639,13-11-2019,57.90230
1640,11-11-2019,57.69200
1641,08-11-2019,57.45370
1642,07-11-2019,57.90740
1643,06-11-2019,57.75360
1644,05-11-2019,58.07080
1645,04-11-2019,58.51570
1646,01-11-2019,57.98090
1647,31-10-2019,57.66150
1648,30-10-2019,57.18310
1649,29-10-2019,57.07850
1650,25-10-2019,56.37680
1651,24-10-2019,56.48780
1652,23-10-2019,56.39400
1653,22-10-2019,56.33940
1654,18-10-2019,56.35960
1655,17-10-2019,55.26610
1656,16-10-2019,54.92990
1657,15-10-2019,55.05040
1658,14-10-2019,54.96580
1659,11-10-2019,54.82220
1660,10-10-2019,54.76650
1661,09-10-2019,55.05660
1662,07-10-2019,54.80530
1663,04-10-2019,54.94640
1664,03-10-2019,55.39900
1665,01-10-2019,55.65560
1666,30-09-2019,56.14700
1667,27-09-2019,56.38430
1668,26-09-2019,56.38590
1669,25-09-2019,55.94130
1670,24-09-2019,56.44980
1671,23-09-2019,56.35020
1672,20-09-2019,54.44700
1673,19-09-2019,52.78450
1674,18-09-2019,53.13340
1675,17-09-2019,53.18530
1676,16-09-2019,53.81400
1677,13-09-2019,53.60120
1678,12-09-2019,53.64760
1679,11-09-2019,53.74780
1680,09-09-2019,52.93660
1681,06-09-2019,52.64550
1682,05-09-2019,52.27830
1683,04-09-2019,52.12160
1684,03-09-2019,51.97420
1685,30-08-2019,52.37520
1686,29-08-2019,52.09870
1687,28-08-2019,52.49380
1688,27-08-2019,52.57310
1689,26-08-2019,52.03410
1690,23-08-2019,51.30910
1691,22-08-2019,51.03800
1692,21-08-2019,51.52200
1693,20-08-2019,51.92470
1694,19-08-2019,51.99830
1695,16-08-2019,52.02110
1696,14-08-2019,51.72990
1697,13-08-2019,51.09790
1698,09-08-2019,51.61770
1699,08-08-2019,51.25950
1700,07-08-2019,51.16810
1701,06-08-2019,51.03190
1702,05-08-2019,50.58610
1703,02-08-2019,51.03490
1704,01-08-2019,51.30820
1705,31-07-2019,51.90170
1706,30-07-2019,51.46600
1707,29-07-2019,52.16160
1708,26-07-2019,52.56860
1709,25-07-2019,52.52070
1710,24-07-2019,52.73740
1711,23-07-2019,53.15500
1712,22-07-2019,53.02400
1713,19-07-2019,53.40290
1714,18-07-2019,54.01470
1715,17-07-2019,54.31900
1716,16-07-2019,54.08560
1717,15-07-2019,54.14610
1718,12-07-2019,54.27850
1719,11-07-2019,54.09840
1720,10-07-2019,53.84430
1721,09-07-2019,54.08360
1722,08-07-2019,54.16440
1723,05-07-2019,54.85610
1724,04-07-2019,55.46990
1725,03-07-2019,55.37380
1726,02-07-2019,55.45600
1727,01-07-2019,55.30310
1728,28-06-2019,55.22400
1729,27-06-2019,55.09700
1730,26-06-2019,54.96570
1731,25-06-2019,54.49570
1732,24-06-2019,54.18940
1733,21-06-2019,54.48260
1734,20-06-2019,54.45070
1735,19-06-2019,54.09460
1736,18-06-2019,54.35880
1737,17-06-2019,54.65100
1738,14-06-2019,55.22650
1739,13-06-2019,55.35830
1740,12-06-2019,55.66630
1741,11-06-2019,55.67700
1742,10-06-2019,55.74310
1743,07-06-2019,56.09400
1744,06-06-2019,56.12530
1745,04-06-2019,56.70670
1746,03-06-2019,56.74170
1747,31-05-2019,56.48040
1748,30-05-2019,56.18820
1749,29-05-2019,56.35730
1750,28-05-2019,56.54150
1751,27-05-2019,55.90360
1752,24-05-2019,54.99480
1753,23-05-2019,53.98730
1754,22-05-2019,54.09580
1755,21-05-2019,54.08380
1756,20-05-2019,54.48670
1757,17-05-2019,53.07300
1758,16-05-2019,52.93380
1759,15-05-2019,53.03030
1760,14-05-2019,53.10040
1761,13-05-2019,52.83890
1762,10-05-2019,53.70600
1763,09-05-2019,53.70840
1764,08-05-2019,53.85830
1765,07-05-2019,54.34240
1766,06-05-2019,54.49760
1767,03-05-2019,54.89700
1768,02-05-2019,55.00240
1769,30-04-2019,55.08300
1770,26-04-2019,55.31870
1771,25-04-2019,55.35920
1772,24-04-2019,55.27230
1773,23-04-2019,55.05550
1774,22-04-2019,54.94580
1775,18-04-2019,55.72320
1776,16-04-2019,56.12670
1777,15-04-2019,56.15360
1778,12-04-2019,55.92260
1779,11-04-2019,55.79870
1780,10-04-2019,55.63880
1781,09-04-2019,55.66120
1782,08-04-2019,55.88280
1783,05-04-2019,56.01910
1784,04-04-2019,55.64470
1785,03-04-2019,55.66010
1786,02-04-2019,56.00110
1787,01-04-2019,56.17720
1788,29-03-2019,55.66300
1789,28-03-2019,54.75810
1790,27-03-2019,54.46000
1791,26-03-2019,54.40650
1792,25-03-2019,54.02560
1793,22-03-2019,54.64980
1794,20-03-2019,54.76370
1795,19-03-2019,55.12380
1796,18-03-2019,54.83560
1797,15-03-2019,54.83230
1798,14-03-2019,55.01810
1799,13-03-2019,55.19590
1800,12-03-2019,55.27730
1801,11-03-2019,54.74060
1802,08-03-2019,53.94010
1803,07-03-2019,53.70520
1804,06-03-2019,53.24360
1805,05-03-2019,52.70070
1806,01-03-2019,51.44180
1807,28-02-2019,50.77170
1808,27-02-2019,50.66950
1809,26-02-2019,50.93920
1810,25-02-2019,51.15440
1811,22-02-2019,51.11640
1812,21-02-2019,50.88630
1813,20-02-2019,50.51340
1814,19-02-2019,50.19320
1815,18-02-2019,49.72310
1816,15-02-2019,49.83630
1817,14-02-2019,50.02460
1818,13-02-2019,49.91590
1819,12-02-2019,49.98650
1820,11-02-2019,50.14170
1821,08-02-2019,50.55320
1822,07-02-2019,50.89240
1823,06-02-2019,50.53950
1824,05-02-2019,50.71510
1825,04-02-2019,51.03580
1826,01-02-2019,51.29720
1827,31-01-2019,51.35070
1828,30-01-2019,51.00550
1829,29-01-2019,51.05470
1830,28-01-2019,51.08620
1831,25-01-2019,51.80020
1832,24-01-2019,52.29050
1833,23-01-2019,52.27130
1834,22-01-2019,52.53510
1835,21-01-2019,52.85800
1836,18-01-2019,53.07100
1837,17-01-2019,53.16740
1838,16-01-2019,53.20550
1839,15-01-2019,53.27560
1840,14-01-2019,53.15470
1841,11-01-2019,53.18620
1842,10-01-2019,53.24230
1843,09-01-2019,53.29980
1844,08-01-2019,53.25160
1845,07-01-2019,53.41870
1846,04-01-2019,53.32890
1847,03-01-2019,53.50670
1848,02-01-2019,53.71480
1849,01-01-2019,53.81800
1850,31-12-2018,53.82650
1851,28-12-2018,53.51780
1852,27-12-2018,53.03650
1853,26-12-2018,52.81700
1854,24-12-2018,52.80450
1855,21-12-2018,53.50260
1856,20-12-2018,54.15910
1857,19-12-2018,54.05890
1858,18-12-2018,53.49370
1859,17-12-2018,53.29490
1860,14-12-2018,53.08980
1861,13-12-2018,53.04740
1862,12-12-2018,52.67220
1863,11-12-2018,51.69330
1864,10-12-2018,51.30100
1865,07-12-2018,52.00780
1866,06-12-2018,51.90510
1867,05-12-2018,52.52670
1868,04-12-2018,52.94580
1869,03-12-2018,52.77470
1870,30-11-2018,52.74220
1871,29-11-2018,52.49690
1872,28-11-2018,52.44480
1873,27-11-2018,52.37870
1874,26-11-2018,52.36920
1875,22-11-2018,52.58670
1876,21-11-2018,52.68050
1877,20-11-2018,52.71180
1878,19-11-2018,53.02900
1879,16-11-2018,52.56470
1880,15-11-2018,52.64060
1881,14-11-2018,52.84700
1882,13-11-2018,52.60140
1883,12-11-2018,52.66270
1884,09-11-2018,53.03440
1885,06-11-2018,52.37470
1886,05-11-2018,52.43270
1887,02-11-2018,52.56680
1888,01-11-2018,52.05870
1889,31-10-2018,51.88510
1890,30-10-2018,51.44750
1891,29-10-2018,50.92970
1892,26-10-2018,50.33250
1893,25-10-2018,50.25100
1894,24-10-2018,50.39520
1895,23-10-2018,50.16670
1896,22-10-2018,50.77720
1897,19-10-2018,51.42500
1898,17-10-2018,51.98010
1899,16-10-2018,52.71740
1900,15-10-2018,52.16970
1901,12-10-2018,51.79440
1902,11-10-2018,51.00280
1903,10-10-2018,51.69010
1904,09-10-2018,49.99840
1905,08-10-2018,50.31910
1906,05-10-2018,51.09670
1907,04-10-2018,51.95750
1908,03-10-2018,52.91920
1909,01-10-2018,52.88300
1910,28-09-2018,53.31710
1911,27-09-2018,54.44660
1912,26-09-2018,55.12020
1913,25-09-2018,54.82740
1914,24-09-2018,55.28210
1915,21-09-2018,56.44670
1916,19-09-2018,57.58210
1917,18-09-2018,58.00360
1918,17-09-2018,58.55040
1919,14-09-2018,58.79830
1920,12-09-2018,58.20590
1921,11-09-2018,58.31700
1922,10-09-2018,58.94300
1923,07-09-2018,59.38140
1924,06-09-2018,59.23830
1925,05-09-2018,58.69490
1926,04-09-2018,58.88900
1927,03-09-2018,59.89740
1928,31-08-2018,60.12870
1929,30-08-2018,59.57190
1930,29-08-2018,59.49070
1931,28-08-2018,59.55450
1932,27-08-2018,59.34420
1933,24-08-2018,58.86170
1934,23-08-2018,59.03100
1935,21-08-2018,58.88570
1936,20-08-2018,58.75970
1937,17-08-2018,58.75550
1938,16-08-2018,58.38800
1939,14-08-2018,58.07810
1940,13-08-2018,58.24510
1941,10-08-2018,58.65510
1942,09-08-2018,58.75430
1943,08-08-2018,59.00290
1944,07-08-2018,58.98340
1945,06-08-2018,58.79140
1946,03-08-2018,57.75940
1947,02-08-2018,57.21620
1948,01-08-2018,57.02160
1949,31-07-2018,56.61810
1950,30-07-2018,56.27370
1951,27-07-2018,55.85320
1952,26-07-2018,54.61710
1953,25-07-2018,54.39810
1954,24-07-2018,54.29350
1955,23-07-2018,53.49570
1956,20-07-2018,53.12790
1957,19-07-2018,53.06480
1958,18-07-2018,53.35840
1959,17-07-2018,53.92080
1960,16-07-2018,53.81820
1961,13-07-2018,54.73510
1962,12-07-2018,54.92570
1963,11-07-2018,55.01340
1964,10-07-2018,54.97680
1965,09-07-2018,54.86680
1966,06-07-2018,54.19960
1967,05-07-2018,53.97470
1968,04-07-2018,54.16200
1969,03-07-2018,53.97300
1970,02-07-2018,53.90290
1971,29-06-2018,54.06380
1972,28-06-2018,53.23720
1973,27-06-2018,53.70150
1974,26-06-2018,54.63160
1975,25-06-2018,55.00550
1976,22-06-2018,55.55480
1977,21-06-2018,55.58140
1978,20-06-2018,55.96440
1979,19-06-2018,56.05860
1980,18-06-2018,56.86800
1981,15-06-2018,57.06720
1982,14-06-2018,57.43870
1983,13-06-2018,57.25220
1984,12-06-2018,57.44040
1985,11-06-2018,57.39460
1986,08-06-2018,57.04480
1987,07-06-2018,57.00310
1988,06-06-2018,55.91000
1989,05-06-2018,55.14420
1990,04-06-2018,56.50650
1991,01-06-2018,57.87650
1992,31-05-2018,58.99500
1993,30-05-2018,59.63590
1994,29-05-2018,59.49560
1995,28-05-2018,59.79380
1996,25-05-2018,59.25500
1997,24-05-2018,59.29310
1998,23-05-2018,59.33980
1999,22-05-2018,59.79250
2000,21-05-2018,59.73260
2001,18-05-2018,60.83120
2002,17-05-2018,61.07490
2003,16-05-2018,60.67820
2004,15-05-2018,61.13010
2005,14-05-2018,61.13960
2006,11-05-2018,62.02210
2007,10-05-2018,62.18000
2008,09-05-2018,62.72550
2009,08-05-2018,62.34050
2010,07-05-2018,62.36200
2011,04-05-2018,61.55480
2012,03-05-2018,61.95660
2013,02-05-2018,62.41990
2014,30-04-2018,62.93230
2015,27-04-2018,63.09540
2016,26-04-2018,63.26410
2017,25-04-2018,62.51420
2018,24-04-2018,62.52410
2019,23-04-2018,62.33700
2020,20-04-2018,62.00670
2021,19-04-2018,62.03160
2022,18-04-2018,61.68120
2023,17-04-2018,61.82730
2024,16-04-2018,61.94470
2025,13-04-2018,61.58310
2026,12-04-2018,61.76480
2027,11-04-2018,61.61020
2028,10-04-2018,61.77810
2029,09-04-2018,61.55900
2030,06-04-2018,61.09850
2031,05-04-2018,60.59340
2032,04-04-2018,59.80790
2033,03-04-2018,60.36630
2034,02-04-2018,59.68970
2035,28-03-2018,58.09690
2036,27-03-2018,58.78480
2037,26-03-2018,58.34830
2038,23-03-2018,57.87920
2039,22-03-2018,58.38450
2040,21-03-2018,59.25810
2041,20-03-2018,59.09420
2042,19-03-2018,59.19310
2043,16-03-2018,60.17590
2044,15-03-2018,60.69640
2045,14-03-2018,60.38170
2046,13-03-2018,60.58530
2047,12-03-2018,59.99230
2048,09-03-2018,59.64270
2049,08-03-2018,59.61070
2050,07-03-2018,59.79240
2051,06-03-2018,60.76480
2052,05-03-2018,61.41790
2053,01-03-2018,62.21160
2054,28-02-2018,62.27740
2055,27-02-2018,62.48060
2056,26-02-2018,62.79880
2057,23-02-2018,62.21100
2058,22-02-2018,61.72890
2059,21-02-2018,61.84160
2060,20-02-2018,61.85500
2061,19-02-2018,61.70370
2062,16-02-2018,62.67230
2063,15-02-2018,63.68260
2064,14-02-2018,64.57070
2065,12-02-2018,64.47380
2066,09-02-2018,63.93510
2067,08-02-2018,63.70760
2068,07-02-2018,62.36000
2069,06-02-2018,61.06870
2070,05-02-2018,62.53910
2071,02-02-2018,62.51290
2072,01-02-2018,64.66040
2073,31-01-2018,64.87200
2074,30-01-2018,65.21160
2075,29-01-2018,65.46360
2076,25-01-2018,65.97430
2077,24-01-2018,66.45190
2078,23-01-2018,67.23810
2079,22-01-2018,67.67750
2080,19-01-2018,67.02540
2081,18-01-2018,66.46890
2082,17-01-2018,67.80710
2083,16-01-2018,67.64380
2084,15-01-2018,69.03920
2085,12-01-2018,68.84660
2086,11-01-2018,68.79270
2087,10-01-2018,68.68730
2088,09-01-2018,68.69750
2089,08-01-2018,69.06610
2090,05-01-2018,68.86840
2091,04-01-2018,67.80230
2092,03-01-2018,67.06270
2093,02-01-2018,65.59150
2094,01-01-2018,66.19530
2095,29-12-2017,66.15650
2096,28-12-2017,66.31830
2097,27-12-2017,66.04560
2098,26-12-2017,66.09610
2099,22-12-2017,66.20800
2100,21-12-2017,66.46990
2101,20-12-2017,65.87820
2102,19-12-2017,65.22960
2103,18-12-2017,63.86940
2104,15-12-2017,63.32380
2105,14-12-2017,62.78410
2106,13-12-2017,62.80650
2107,12-12-2017,63.38790
2108,11-12-2017,63.63180
2109,08-12-2017,62.84360
2110,07-12-2017,61.99160
2111,06-12-2017,61.46330
2112,05-12-2017,61.51050
2113,04-12-2017,61.31770
2114,01-12-2017,61.49890
2115,30-11-2017,61.95290
2116,29-11-2017,61.93300
2117,28-11-2017,61.83210
2118,27-11-2017,61.27620
2119,24-11-2017,61.08750
2120,23-11-2017,60.54080
2121,22-11-2017,60.06910
2122,21-11-2017,59.66670
2123,20-11-2017,59.20670
2124,17-11-2017,58.64860
2125,16-11-2017,58.08290
2126,15-11-2017,57.26890
2127,14-11-2017,57.90630
2128,13-11-2017,57.81860
2129,10-11-2017,57.78980
2130,09-11-2017,58.08040
2131,08-11-2017,57.23730
2132,07-11-2017,57.57580
2133,06-11-2017,57.86980
2134,03-11-2017,57.57920
2135,02-11-2017,56.68750
2136,01-11-2017,55.87530
2137,31-10-2017,55.41710
2138,30-10-2017,55.09440
2139,27-10-2017,54.52320
2140,26-10-2017,54.12880
2141,25-10-2017,53.98480
2142,24-10-2017,54.51460
2143,23-10-2017,54.34240
2144,18-10-2017,54.42440
2145,17-10-2017,54.53880
2146,16-10-2017,54.21140
2147,13-10-2017,54.17170
2148,12-10-2017,53.99710
2149,11-10-2017,53.67800
2150,10-10-2017,54.35800
2151,09-10-2017,53.97160
2152,06-10-2017,53.81250
2153,05-10-2017,53.44760
2154,04-10-2017,53.23950
2155,03-10-2017,52.32130
2156,29-09-2017,51.96100
2157,28-09-2017,51.23620
2158,27-09-2017,50.83200
2159,26-09-2017,51.67840
2160,25-09-2017,51.05010
2161,22-09-2017,51.59950
2162,21-09-2017,53.30410
2163,20-09-2017,53.36020
2164,19-09-2017,52.96860
2165,18-09-2017,52.38040
2166,15-09-2017,51.75180
2167,14-09-2017,51.31820
2168,13-09-2017,50.69650
2169,12-09-2017,51.08520
2170,11-09-2017,50.76960
2171,08-09-2017,50.54810
2172,07-09-2017,50.47900
2173,06-09-2017,50.29490
2174,05-09-2017,50.08830
2175,04-09-2017,49.58880
2176,01-09-2017,49.64480
2177,31-08-2017,49.14820
2178,30-08-2017,48.48610
2179,29-08-2017,48.13840
2180,28-08-2017,48.53920
2181,24-08-2017,48.24800
2182,23-08-2017,48.19170
2183,22-08-2017,47.91540
2184,21-08-2017,47.71790
2185,18-08-2017,48.38330
2186,17-08-2017,48.70340
2187,16-08-2017,48.32250
2188,14-08-2017,47.73700
2189,11-08-2017,46.93310
2190,10-08-2017,46.60040
2191,09-08-2017,47.65330
2192,08-08-2017,48.14000
2193,07-08-2017,48.57160
2194,04-08-2017,48.15070
2195,03-08-2017,48.03550
2196,02-08-2017,48.43400
2197,01-08-2017,48.81850
2198,31-07-2017,48.65370
2199,28-07-2017,48.58110
2200,27-07-2017,48.15890
2201,26-07-2017,48.46630
2202,25-07-2017,48.26630
2203,24-07-2017,48.24890
2204,21-07-2017,48.26290
2205,20-07-2017,48.43080
2206,19-07-2017,48.23220
2207,18-07-2017,47.94290
2208,17-07-2017,47.97000
2209,14-07-2017,47.79040
2210,13-07-2017,48.24030
2211,12-07-2017,47.98100
2212,11-07-2017,47.89990
2213,10-07-2017,47.75710
2214,07-07-2017,47.66890
2215,06-07-2017,47.60480
2216,05-07-2017,47.60570
2217,04-07-2017,47.30410
2218,03-07-2017,47.08640
2219,30-06-2017,46.34840
2220,29-06-2017,46.17690
2221,28-06-2017,45.71990
2222,27-06-2017,46.09490
2223,23-06-2017,46.41260
2224,22-06-2017,46.95420
2225,21-06-2017,46.80160
2226,20-06-2017,46.62470
2227,19-06-2017,46.49240
2228,16-06-2017,46.27990
2229,15-06-2017,46.12150
2230,14-06-2017,45.78990
2231,13-06-2017,45.76000
2232,12-06-2017,45.64260
2233,09-06-2017,45.39980
2234,08-06-2017,45.36660
2235,07-06-2017,45.22290
2236,06-06-2017,44.89320
2237,05-06-2017,45.12000
2238,02-06-2017,44.86930
2239,01-06-2017,44.59200
2240,31-05-2017,44.56770
2241,30-05-2017,44.21410
2242,29-05-2017,44.42950
2243,26-05-2017,44.85990
2244,25-05-2017,44.22570
2245,24-05-2017,43.34840
2246,23-05-2017,44.02490
2247,22-05-2017,44.86600
2248,19-05-2017,45.24310
2249,18-05-2017,45.58920
2250,17-05-2017,45.80480
2251,16-05-2017,45.68600
2252,15-05-2017,45.60240
2253,12-05-2017,45.11860
2254,11-05-2017,45.57280
2255,10-05-2017,45.83310
2256,09-05-2017,45.46960
2257,08-05-2017,45.25130
2258,05-05-2017,44.95030
2259,04-05-2017,45.06970
2260,03-05-2017,44.87410
2261,02-05-2017,44.87760
2262,28-04-2017,44.99680
2263,27-04-2017,44.96400
2264,26-04-2017,44.69340
2265,25-04-2017,45.29740
2266,24-04-2017,45.27120
2267,21-04-2017,44.99580
2268,20-04-2017,45.00120
2269,19-04-2017,44.60320
2270,18-04-2017,44.56120
2271,17-04-2017,44.96190
2272,13-04-2017,44.78000
2273,12-04-2017,44.84620
2274,11-04-2017,45.01130
2275,10-04-2017,44.70750
2276,07-04-2017,44.34250
2277,06-04-2017,44.69780
2278,05-04-2017,44.59420
2279,03-04-2017,43.28630
2280,31-03-2017,42.78840
2281,30-03-2017,42.69100
2282,29-03-2017,42.35730
2283,28-03-2017,42.34970
2284,27-03-2017,42.26590
2285,24-03-2017,42.22840
2286,23-03-2017,42.17190
2287,22-03-2017,42.00260
2288,21-03-2017,42.14560
2289,20-03-2017,42.24000
2290,17-03-2017,41.97770
2291,16-03-2017,41.81890
2292,15-03-2017,41.30270
2293,14-03-2017,41.30400
2294,10-03-2017,40.98160
2295,09-03-2017,41.07320
2296,08-03-2017,41.00060
2297,07-03-2017,41.07030
2298,06-03-2017,40.96560
2299,03-03-2017,40.94170
2300,02-03-2017,40.77130
2301,01-03-2017,41.24220
2302,28-02-2017,40.90080
2303,27-02-2017,40.76850
2304,23-02-2017,41.03000
2305,22-02-2017,40.99460
2306,21-02-2017,41.22540
2307,20-02-2017,41.12510
2308,17-02-2017,40.83730
2309,16-02-2017,40.82380
2310,15-02-2017,40.36280
2311,14-02-2017,41.09170
2312,13-02-2017,41.26570
2313,10-02-2017,41.29940
2314,09-02-2017,40.99090
2315,08-02-2017,40.95860
2316,07-02-2017,40.92430
2317,06-02-2017,40.72070
2318,03-02-2017,40.32050
2319,02-02-2017,39.61380
2320,01-02-2017,39.53250
2321,31-01-2017,39.18620
2322,30-01-2017,39.31440
2323,27-01-2017,39.57650
2324,25-01-2017,39.31390
2325,24-01-2017,39.19810
2326,23-01-2017,38.76860
2327,20-01-2017,38.61060
2328,19-01-2017,38.97910
2329,18-01-2017,38.85080
2330,17-01-2017,38.55110
2331,16-01-2017,38.37450
2332,13-01-2017,38.18450
2333,12-01-2017,38.13370
2334,11-01-2017,38.25580
2335,10-01-2017,38.01790
2336,09-01-2017,37.84710
2337,06-01-2017,37.65880
2338,05-01-2017,37.60910
2339,04-01-2017,37.35590
2340,03-01-2017,37.28040
2341,02-01-2017,36.94500
2342,30-12-2016,36.66310
2343,29-12-2016,36.32820
2344,28-12-2016,36.09550
2345,27-12-2016,35.89870
2346,26-12-2016,35.60340
2347,23-12-2016,36.22550
2348,22-12-2016,36.15260
2349,21-12-2016,36.53840
2350,20-12-2016,36.54500
2351,19-12-2016,36.94500
2352,16-12-2016,37.12710
2353,15-12-2016,37.15060
2354,14-12-2016,37.29210
2355,13-12-2016,37.64780
2356,12-12-2016,37.47650
2357,09-12-2016,37.71440
2358,08-12-2016,37.68930
2359,07-12-2016,37.38370
2360,06-12-2016,37.47780
2361,05-12-2016,37.59930
2362,02-12-2016,37.62410
2363,01-12-2016,38.17150
2364,30-11-2016,38.21320
2365,29-11-2016,37.94660
2366,28-11-2016,37.78400
2367,25-11-2016,37.30750
2368,24-11-2016,36.82740
2369,23-11-2016,36.69640
2370,22-11-2016,36.34540
2371,21-11-2016,36.01610
2372,18-11-2016,37.44440
2373,17-11-2016,37.07900
2374,16-11-2016,37.26730
2375,15-11-2016,37.28160
2376,11-11-2016,39.22860
2377,10-11-2016,40.37200
2378,09-11-2016,39.71840
2379,08-11-2016,40.29730
2380,07-11-2016,40.31430
2381,04-11-2016,39.80440
2382,03-11-2016,40.58510
2383,02-11-2016,41.03400
2384,01-11-2016,41.65750
2385,28-10-2016,41.05640
2386,27-10-2016,40.58800
2387,26-10-2016,40.50440
2388,25-10-2016,40.67860
2389,24-10-2016,40.49930
2390,21-10-2016,40.09490
2391,20-10-2016,40.27850
2392,19-10-2016,40.22990
2393,18-10-2016,40.00620
2394,17-10-2016,39.67230
2395,14-10-2016,39.97260
2396,13-10-2016,39.70370
2397,10-10-2016,40.47110
2398,07-10-2016,40.22230
2399,06-10-2016,39.84510
2400,05-10-2016,39.99870
2401,04-10-2016,39.63240
2402,03-10-2016,39.42620
2403,30-09-2016,38.66340
2404,29-09-2016,37.64570
2405,28-09-2016,38.86450
2406,27-09-2016,38.65360
2407,26-09-2016,38.55120
2408,23-09-2016,38.63350
2409,22-09-2016,38.49940
2410,21-09-2016,37.88950
2411,20-09-2016,37.89950
2412,19-09-2016,37.73170
2413,16-09-2016,37.54740
2414,15-09-2016,37.56550
2415,14-09-2016,37.46950
2416,12-09-2016,37.13230
2417,09-09-2016,37.88890
2418,08-09-2016,38.00720
2419,07-09-2016,37.77650
2420,06-09-2016,37.97130
2421,02-09-2016,37.72610
2422,01-09-2016,37.54700
2423,31-08-2016,37.96730
2424,30-08-2016,37.82320
2425,29-08-2016,37.33380
2426,26-08-2016,37.14500
2427,25-08-2016,37.14650
2428,24-08-2016,37.06850
2429,23-08-2016,36.81340
2430,22-08-2016,36.75810
2431,19-08-2016,36.76100
2432,18-08-2016,36.69790
2433,17-08-2016,36.30470
2434,16-08-2016,35.99080
2435,12-08-2016,36.01470
2436,11-08-2016,35.92880
2437,10-08-2016,35.93900
2438,09-08-2016,36.30940
2439,08-08-2016,36.53980
2440,05-08-2016,36.46690
2441,04-08-2016,36.16890
2442,03-08-2016,35.96560
2443,02-08-2016,36.38760
2444,01-08-2016,36.50240
2445,29-07-2016,36.88360
2446,28-07-2016,36.72190
2447,27-07-2016,36.47120
2448,26-07-2016,36.73470
2449,25-07-2016,36.97690
2450,22-07-2016,36.64330
2451,21-07-2016,36.51930
2452,20-07-2016,36.50050
2453,19-07-2016,36.12720
2454,18-07-2016,36.30780
2455,15-07-2016,36.38210
2456,14-07-2016,36.36870
2457,13-07-2016,35.81120
2458,12-07-2016,35.76950
2459,11-07-2016,35.88590
2460,08-07-2016,35.74700
2461,07-07-2016,35.69730
2462,05-07-2016,35.55320
2463,04-07-2016,35.52480
2464,01-07-2016,35.39090
2465,30-06-2016,35.25510
2466,29-06-2016,35.10040
2467,28-06-2016,34.57030
2468,27-06-2016,34.23310
2469,24-06-2016,33.90070
2470,23-06-2016,34.20010
2471,22-06-2016,34.25840
2472,21-06-2016,34.23680
2473,20-06-2016,34.28230
2474,17-06-2016,34.40500
2475,16-06-2016,34.26000
2476,15-06-2016,34.38490
2477,14-06-2016,34.08450
2478,13-06-2016,34.12570
2479,10-06-2016,34.34500
2480,09-06-2016,34.24080
2481,08-06-2016,34.53340
2482,07-06-2016,34.45470
2483,06-06-2016,34.05590
2484,03-06-2016,33.86520
2485,02-06-2016,33.95350
2486,01-06-2016,33.79300
2487,31-05-2016,33.76830
2488,30-05-2016,33.84230
2489,27-05-2016,33.72370
2490,26-05-2016,33.55440
2491,25-05-2016,33.60570
2492,24-05-2016,33.41600
2493,23-05-2016,33.65830
2494,20-05-2016,33.61610
2495,19-05-2016,33.83550
2496,18-05-2016,34.31940
2497,17-05-2016,34.26820
2498,16-05-2016,34.21400
2499,13-05-2016,34.28190
2500,12-05-2016,34.33400
2501,11-05-2016,33.95020
2502,10-05-2016,33.86020
2503,09-05-2016,34.05720
2504,06-05-2016,33.87690
2505,05-05-2016,33.99390
2506,04-05-2016,33.72260
2507,03-05-2016,34.03060
2508,02-05-2016,34.04950
2509,29-04-2016,34.13480
2510,28-04-2016,34.10160
2511,27-04-2016,34.34370
2512,26-04-2016,34.14530
2513,25-04-2016,33.96290
2514,22-04-2016,34.00100
2515,21-04-2016,34.16770
2516,20-04-2016,34.27250
2517,18-04-2016,34.19220
2518,13-04-2016,33.76930
2519,12-04-2016,33.51200
2520,11-04-2016,33.38750
2521,08-04-2016,33.06500
2522,07-04-2016,33.01940
2523,06-04-2016,33.23170
2524,05-04-2016,32.92950
2525,04-04-2016,33.11200
2526,01-04-2016,32.60990
2527,31-03-2016,32.36140
2528,30-03-2016,32.31320
2529,29-03-2016,31.94450
2530,28-03-2016,31.87590
2531,23-03-2016,32.21920
2532,22-03-2016,31.86820
2533,21-03-2016,31.98990
2534,18-03-2016,31.55040
2535,17-03-2016,31.33090
2536,16-03-2016,31.24450
2537,15-03-2016,31.17580
2538,14-03-2016,31.33640
2539,11-03-2016,31.08850
2540,10-03-2016,31.07790
2541,09-03-2016,31.09970
2542,08-03-2016,31.05750
2543,04-03-2016,31.11400
2544,03-03-2016,31.10970
2545,02-03-2016,30.96070
2546,01-03-2016,30.52870
2547,29-02-2016,29.76350
2548,26-02-2016,29.94060
2549,25-02-2016,30.24000
2550,24-02-2016,30.26500
2551,23-02-2016,30.68360
2552,22-02-2016,31.01600
2553,19-02-2016,31.10020
2554,18-02-2016,31.07550
2555,17-02-2016,30.70270
2556,16-02-2016,30.42160
2557,15-02-2016,31.05170
2558,12-02-2016,30.17160
2559,11-02-2016,30.48320
2560,10-02-2016,31.64890
2561,09-02-2016,32.05790
2562,08-02-2016,32.14410
2563,05-02-2016,32.18700
2564,04-02-2016,32.01130
2565,03-02-2016,32.15050
2566,02-02-2016,32.57900
2567,01-02-2016,32.68270
2568,29-01-2016,32.50660
2569,28-01-2016,32.38490
2570,27-01-2016,32.37670
2571,25-01-2016,32.34290
2572,22-01-2016,32.17950
2573,21-01-2016,31.41280
2574,20-01-2016,31.36990
2575,19-01-2016,31.94170
2576,18-01-2016,31.67020
2577,15-01-2016,32.83790
2578,14-01-2016,33.63420
2579,13-01-2016,33.91980
2580,12-01-2016,34.51430
2581,11-01-2016,35.11810
2582,08-01-2016,35.15480
2583,07-01-2016,34.60330
2584,06-01-2016,35.57220
2585,05-01-2016,35.95440
2586,04-01-2016,35.74240
2587,01-01-2016,36.03910
2588,31-12-2015,35.71920
2589,30-12-2015,35.41890
2590,29-12-2015,35.12310
2591,28-12-2015,34.96750
2592,24-12-2015,34.69240
2593,23-12-2015,34.46280
2594,22-12-2015,34.21950
2595,21-12-2015,34.16700
2596,18-12-2015,33.93210
2597,17-12-2015,34.04630
2598,16-12-2015,33.39130
2599,15-12-2015,33.39620
2600,14-12-2015,33.09790
2601,11-12-2015,33.06820
2602,10-12-2015,33.24740
2603,09-12-2015,32.87100
2604,08-12-2015,33.29440
2605,07-12-2015,33.66030
2606,04-12-2015,33.69400
2607,03-12-2015,33.79750
2608,02-12-2015,33.83270
2609,01-12-2015,33.51860
2610,30-11-2015,33.51970
2611,27-11-2015,33.55680
2612,26-11-2015,33.42750
2613,24-11-2015,33.49780
2614,23-11-2015,33.63070
2615,20-11-2015,33.48420
2616,19-11-2015,33.26480
2617,18-11-2015,32.78620
2618,17-11-2015,33.14200
2619,16-11-2015,32.83990
2620,13-11-2015,32.89940
2621,10-11-2015,32.87830
2622,09-11-2015,33.08260
2623,06-11-2015,32.68370
2624,05-11-2015,32.93800
2625,04-11-2015,33.26050
2626,03-11-2015,33.32800
2627,02-11-2015,32.94900
2628,30-10-2015,33.18140
2629,29-10-2015,33.23730
2630,28-10-2015,33.33720
2631,27-10-2015,33.40530
2632,26-10-2015,33.26410
2633,23-10-2015,33.52740
2634,21-10-2015,33.62670
2635,20-10-2015,33.56050
2636,19-10-2015,33.31660
2637,16-10-2015,33.10720
2638,15-10-2015,33.07440
2639,14-10-2015,32.85100
2640,13-10-2015,32.83690
2641,12-10-2015,32.77410
2642,09-10-2015,32.85090
2643,08-10-2015,32.78700
2644,07-10-2015,32.64580
2645,06-10-2015,32.49710
2646,05-10-2015,32.48910
2647,01-10-2015,32.03030
2648,30-09-2015,31.94490
2649,29-09-2015,31.55250
2650,28-09-2015,31.61270
2651,24-09-2015,31.60040
2652,23-09-2015,31.69560
2653,22-09-2015,31.60140
2654,21-09-2015,31.87950
2655,18-09-2015,31.74350
2656,16-09-2015,31.41220
2657,15-09-2015,31.51740
2658,14-09-2015,31.63800
2659,11-09-2015,31.37470
2660,10-09-2015,31.24590
2661,09-09-2015,31.16850
2662,08-09-2015,30.80880
2663,07-09-2015,30.88240
2664,04-09-2015,31.27910
2665,03-09-2015,31.55720
2666,02-09-2015,31.35710
2667,01-09-2015,31.40280
2668,31-08-2015,31.97570
2669,28-08-2015,32.07680
2670,27-08-2015,32.19930
2671,26-08-2015,31.24560
2672,25-08-2015,31.18130
2673,24-08-2015,31.24260
2674,21-08-2015,33.13770
2675,20-08-2015,33.22210
2676,19-08-2015,33.85430
2677,18-08-2015,33.63830
2678,17-08-2015,33.32630
2679,14-08-2015,33.15470
2680,13-08-2015,32.69310
2681,12-08-2015,32.79840
2682,11-08-2015,33.32910
2683,10-08-2015,33.75750
2684,07-08-2015,33.73080
2685,06-08-2015,33.72450
2686,05-08-2015,34.11800
2687,04-08-2015,34.13170
2688,03-08-2015,33.88400
2689,31-07-2015,33.68610
2690,30-07-2015,33.20220
2691,29-07-2015,33.13650
2692,28-07-2015,33.03270
2693,27-07-2015,33.16250
2694,24-07-2015,33.19760
2695,23-07-2015,33.51740
2696,22-07-2015,33.19680
2697,21-07-2015,33.02640
2698,20-07-2015,33.52030
2699,17-07-2015,33.37240
2700,16-07-2015,33.35700
2701,15-07-2015,33.00810
2702,14-07-2015,32.77850
2703,13-07-2015,32.90100
2704,10-07-2015,32.84670
2705,09-07-2015,32.73450
2706,08-07-2015,32.70310
2707,07-07-2015,32.87750
2708,06-07-2015,32.45650
2709,03-07-2015,31.77340
2710,02-07-2015,31.55810
2711,01-07-2015,31.45030
2712,30-06-2015,31.14560
2713,29-06-2015,30.64790
2714,26-06-2015,31.02940
2715,25-06-2015,31.06070
2716,24-06-2015,30.99980
2717,23-06-2015,30.89370
2718,22-06-2015,30.74910
2719,19-06-2015,30.57010
2720,18-06-2015,30.46890
2721,17-06-2015,30.02020
2722,16-06-2015,29.49700
2723,15-06-2015,29.50410
2724,12-06-2015,29.27460
2725,11-06-2015,29.19220
2726,10-06-2015,29.62280
2727,09-06-2015,29.20030
2728,08-06-2015,29.39790
2729,05-06-2015,29.70330
2730,04-06-2015,29.44090
2731,03-06-2015,29.53730
2732,02-06-2015,29.88510
2733,01-06-2015,30.30290
2734,29-05-2015,30.52610
2735,28-05-2015,30.35660
2736,27-05-2015,30.34060
2737,26-05-2015,30.54930
2738,25-05-2015,30.68100
2739,22-05-2015,30.89540
2740,21-05-2015,30.87160
2741,20-05-2015,30.92950
2742,19-05-2015,31.00880
2743,18-05-2015,31.15860
2744,15-05-2015,31.09650
2745,14-05-2015,30.54630
2746,13-05-2015,30.45110
2747,12-05-2015,30.18220
2748,11-05-2015,30.64520
2749,08-05-2015,29.88400
2750,07-05-2015,29.44680
2751,06-05-2015,30.03120
2752,05-05-2015,30.69320
2753,04-05-2015,30.60680
2754,30-04-2015,30.15250
2755,29-04-2015,30.15210
2756,28-04-2015,29.75290
2757,27-04-2015,29.67400
2758,24-04-2015,30.24160
2759,23-04-2015,30.96620
2760,22-04-2015,31.04680
2761,21-04-2015,31.02670
2762,20-04-2015,31.07960
2763,17-04-2015,31.79800
2764,16-04-2015,31.91680
2765,15-04-2015,31.87260
2766,13-04-2015,31.73640
2767,10-04-2015,31.32920
2768,09-04-2015,31.24330
2769,08-04-2015,30.81060
2770,07-04-2015,30.29530
2771,06-04-2015,30.15840
2772,01-04-2015,29.79490
2773,31-03-2015,29.33470
2774,30-03-2015,29.26270
2775,27-03-2015,28.54730
2776,26-03-2015,28.42670
2777,25-03-2015,28.83660
2778,24-03-2015,28.82950
2779,23-03-2015,28.91100
2780,20-03-2015,29.39200
2781,19-03-2015,29.81920
2782,18-03-2015,30.01430
2783,17-03-2015,30.05790
2784,16-03-2015,30.17900
2785,13-03-2015,30.25990
2786,12-03-2015,30.68600
2787,11-03-2015,30.43750
2788,10-03-2015,30.37250
2789,09-03-2015,30.43170
2790,05-03-2015,30.64280
2791,04-03-2015,30.63490
2792,03-03-2015,30.80450
2793,02-03-2015,30.52160
2794,27-02-2015,30.22620
2795,26-02-2015,29.95070
2796,25-02-2015,30.10890
2797,24-02-2015,30.21750
2798,23-02-2015,30.32220
2799,20-02-2015,30.68690
2800,19-02-2015,30.61780
2801,18-02-2015,30.68680
2802,16-02-2015,30.53440
2803,13-02-2015,30.28440
2804,12-02-2015,30.26110
2805,11-02-2015,29.90830
2806,10-02-2015,29.57820
2807,09-02-2015,29.39700
2808,06-02-2015,29.73770
2809,05-02-2015,30.26140
2810,04-02-2015,30.67310
2811,03-02-2015,30.77450
2812,02-02-2015,30.61450
2813,30-01-2015,30.59360
2814,29-01-2015,30.74970
2815,28-01-2015,30.78980
2816,27-01-2015,30.57240
2817,23-01-2015,30.49270
2818,22-01-2015,30.71230
2819,21-01-2015,30.71400
2820,20-01-2015,30.81840
2821,19-01-2015,30.51720
2822,16-01-2015,29.72930
2823,15-01-2015,29.69910
2824,14-01-2015,29.50280
2825,13-01-2015,29.43880
2826,12-01-2015,29.47130
2827,09-01-2015,29.28340
2828,08-01-2015,29.23250
2829,07-01-2015,28.73450
2830,06-01-2015,28.56600
2831,05-01-2015,29.30310
2832,02-01-2015,29.42530
2833,01-01-2015,29.36710
2834,31-12-2014,29.20840
2835,30-12-2014,28.58760
2836,29-12-2014,28.11630
2837,26-12-2014,27.53860
2838,24-12-2014,27.46950
2839,23-12-2014,27.42620
2840,22-12-2014,27.43900
2841,19-12-2014,27.15560
2842,18-12-2014,27.08530
2843,17-12-2014,26.29360
2844,16-12-2014,26.79100
2845,15-12-2014,27.35270
2846,12-12-2014,27.44340
2847,11-12-2014,27.73900
2848,10-12-2014,27.29010
2849,09-12-2014,27.02660
2850,08-12-2014,27.51530
2851,05-12-2014,27.33590
2852,04-12-2014,27.34200
2853,03-12-2014,27.06970
2854,02-12-2014,26.59280
2855,01-12-2014,26.20930
2856,28-11-2014,26.24020
2857,27-11-2014,26.02160
2858,26-11-2014,25.66180
2859,25-11-2014,25.39110
2860,24-11-2014,25.89600
2861,21-11-2014,25.98910
2862,20-11-2014,25.89230
2863,19-11-2014,26.06410
2864,18-11-2014,26.00280
2865,17-11-2014,25.74000
2866,14-11-2014,25.46940
2867,13-11-2014,25.37320
2868,12-11-2014,25.22550
2869,11-11-2014,24.92000
2870,10-11-2014,24.70950
2871,07-11-2014,24.56700
2872,05-11-2014,24.65930
2873,03-11-2014,24.56470
2874,31-10-2014,24.30310
2875,30-10-2014,24.22670
2876,29-10-2014,24.20920
2877,28-10-2014,24.07750
2878,27-10-2014,23.91150
2879,22-10-2014,23.81850
2880,21-10-2014,23.54000
2881,20-10-2014,23.39130
2882,17-10-2014,23.35190
2883,16-10-2014,23.27630
2884,14-10-2014,23.71470
2885,13-10-2014,23.82320
2886,10-10-2014,23.74070
2887,09-10-2014,24.08140
2888,08-10-2014,24.06090
2889,07-10-2014,23.92340
2890,01-10-2014,24.15970
2891,30-09-2014,24.29820
2892,29-09-2014,23.99320
2893,26-09-2014,23.69120
2894,25-09-2014,23.61130
2895,24-09-2014,24.15310
2896,23-09-2014,24.52350
2897,22-09-2014,24.96880
2898,19-09-2014,24.65370
2899,18-09-2014,24.59740
2900,17-09-2014,24.20510
2901,16-09-2014,24.07160
2902,15-09-2014,24.74890
2903,12-09-2014,24.62480
2904,11-09-2014,24.41000
2905,10-09-2014,23.88620
2906,09-09-2014,23.68530
2907,08-09-2014,23.31000
2908,05-09-2014,22.96240
2909,04-09-2014,22.86610
2910,03-09-2014,22.84200
2911,02-09-2014,22.64760
2912,01-09-2014,22.52920
2913,28-08-2014,22.17090
2914,27-08-2014,22.07520
2915,26-08-2014,21.66810
2916,25-08-2014,21.72990
2917,22-08-2014,21.89800
2918,21-08-2014,21.81250
2919,20-08-2014,21.50990
2920,19-08-2014,21.19640
2921,18-08-2014,20.94370
2922,14-08-2014,20.62680
2923,13-08-2014,20.42270
2924,12-08-2014,20.95230
2925,11-08-2014,21.02940
2926,08-08-2014,20.90510
2927,07-08-2014,21.13660
2928,06-08-2014,21.20680
2929,05-08-2014,21.17920
2930,04-08-2014,21.14230
2931,01-08-2014,20.82740
2932,31-07-2014,21.06520
2933,30-07-2014,21.04910
2934,28-07-2014,21.12460
2935,25-07-2014,21.14890
2936,24-07-2014,21.32160
2937,23-07-2014,21.24000
2938,22-07-2014,21.36300
2939,21-07-2014,21.28000
2940,18-07-2014,20.83160
2941,17-07-2014,20.89950
2942,16-07-2014,20.42480
2943,15-07-2014,19.98540
2944,14-07-2014,19.77980
2945,11-07-2014,19.83920
2946,10-07-2014,20.18810
2947,09-07-2014,20.15670
2948,08-07-2014,20.45150
2949,07-07-2014,20.98740
2950,04-07-2014,20.78870
2951,03-07-2014,20.53900
2952,02-07-2014,20.39940
2953,01-07-2014,20.22370
2954,30-06-2014,20.07050
2955,27-06-2014,19.66900
2956,26-06-2014,19.51890
2957,25-06-2014,19.30560
2958,24-06-2014,19.19910
2959,23-06-2014,19.11470
2960,20-06-2014,19.17020
2961,19-06-2014,19.15410
2962,18-06-2014,19.21670
2963,17-06-2014,19.00150
2964,16-06-2014,18.71740
2965,13-06-2014,18.75450
2966,12-06-2014,18.92650
2967,11-06-2014,18.75360
2968,10-06-2014,18.96110
2969,09-06-2014,18.80950
2970,06-06-2014,18.53950
2971,05-06-2014,18.26380
2972,04-06-2014,18.04060
2973,03-06-2014,17.72810
2974,02-06-2014,17.72840
2975,30-05-2014,17.59990
2976,29-05-2014,17.64110
2977,28-05-2014,17.70140
2978,27-05-2014,17.42440
2979,26-05-2014,17.27220
2980,23-05-2014,17.57990
2981,22-05-2014,17.63360
2982,21-05-2014,17.36180
2983,20-05-2014,17.07560
2984,19-05-2014,16.63750
2985,16-05-2014,16.33540
2986,15-05-2014,16.27420
2987,14-05-2014,16.38680
2988,13-05-2014,16.31800
2989,12-05-2014,16.23600
2990,09-05-2014,16.26650
2991,08-05-2014,16.26010
2992,07-05-2014,16.20310
2993,06-05-2014,16.20260
2994,05-05-2014,16.14660
2995,02-05-2014,16.17840
2996,30-04-2014,16.19400
2997,29-04-2014,16.42390
2998,28-04-2014,16.38570
2999,25-04-2014,16.27140
3000,23-04-2014,16.23620
3001,22-04-2014,16.19170
3002,21-04-2014,16.06100
3003,17-04-2014,15.96810
3004,16-04-2014,15.83410
3005,15-04-2014,15.95900
3006,11-04-2014,15.88050
3007,10-04-2014,15.78320
3008,09-04-2014,15.77210
3009,07-04-2014,15.72380
3010,04-04-2014,15.65540
3011,03-04-2014,15.50160
3012,02-04-2014,15.52610
3013,01-04-2014,15.32360
3014,31-03-2014,15.27610
3015,28-03-2014,15.16980
3016,27-03-2014,15.01600
3017,26-03-2014,15.01720
3018,25-03-2014,15.01700
3019,24-03-2014,14.98330
3020,21-03-2014,14.93890
3021,20-03-2014,14.80450
3022,19-03-2014,14.71180
3023,18-03-2014,14.79610
3024,14-03-2014,14.65270
3025,13-03-2014,14.71210
3026,12-03-2014,14.71750
3027,11-03-2014,14.64490
3028,10-03-2014,14.55760
3029,07-03-2014,14.52750
3030,06-03-2014,14.66780
3031,05-03-2014,14.54480
3032,04-03-2014,14.41660
3033,03-03-2014,14.27530
3034,28-02-2014,14.21020
3035,26-02-2014,14.17330
3036,25-02-2014,14.27040
3037,24-02-2014,14.19050
3038,21-02-2014,14.03700
3039,20-02-2014,13.89130
3040,19-02-2014,13.80100
3041,18-02-2014,13.68010
3042,17-02-2014,13.64230
3043,14-02-2014,13.59480
3044,13-02-2014,13.67800
3045,12-02-2014,13.68740
3046,11-02-2014,13.69830
3047,10-02-2014,13.74020
3048,07-02-2014,13.55520
3049,06-02-2014,13.58830
3050,05-02-2014,13.54310
3051,04-02-2014,13.47170
3052,03-02-2014,13.49950
3053,31-01-2014,13.60590
3054,30-01-2014,13.46610
3055,29-01-2014,13.49770
3056,28-01-2014,13.56780
3057,27-01-2014,13.68290
3058,24-01-2014,13.86880
3059,23-01-2014,13.95370
3060,22-01-2014,13.93020
3061,21-01-2014,13.86590
3062,20-01-2014,13.81440
3063,17-01-2014,13.78410
3064,16-01-2014,14.00420
3065,15-01-2014,14.02090
3066,14-01-2014,13.82490
3067,13-01-2014,13.79090
3068,10-01-2014,13.81430
3069,09-01-2014,13.86440
3070,08-01-2014,14.00810
3071,07-01-2014,13.92140
3072,06-01-2014,13.85680
3073,03-01-2014,13.84940
3074,02-01-2014,13.75530
3075,01-01-2014,13.74180
3076,31-12-2013,13.72770
3077,30-12-2013,13.58620
3078,27-12-2013,13.50240
3079,26-12-2013,13.48110
3080,24-12-2013,13.26830
3081,23-12-2013,13.18860
3082,20-12-2013,13.17760
3083,19-12-2013,13.13920
3084,18-12-2013,13.06720
3085,17-12-2013,12.95690
3086,16-12-2013,13.03450
3087,13-12-2013,12.98910
3088,12-12-2013,13.00210
3089,11-12-2013,13.01290
3090,10-12-2013,13.03250
3091,09-12-2013,13.02820
3092,06-12-2013,13.04390
3093,05-12-2013,13.03190
3094,04-12-2013,12.97990
3095,03-12-2013,13.00480
3096,02-12-2013,13.00120
3097,29-11-2013,12.95090
3098,28-11-2013,12.87730
3099,27-11-2013,12.83890
3100,26-11-2013,12.85910
3101,25-11-2013,12.85480
3102,22-11-2013,12.77750
3103,21-11-2013,12.79570
3104,20-11-2013,12.95490
3105,19-11-2013,13.10680
3106,18-11-2013,13.08940
